"sourceTable","sourceId","disposition","targetType","targetId","reason","blockedBy","batchId","sourceSystem"
"__drizzle_migrations","1","skip_reference","migration_reference","","Source migration history is reference-only","","COMO-FUD-2026-09-25-02","como-follow-up-desk"
"agentRequests","360001","archive_history","assistant_history","","Historical record only; never rerun","","COMO-FUD-2026-09-25-02","como-follow-up-desk"
"agentRequests","450002","archive_history","assistant_history","","Historical record only; never rerun","","COMO-FUD-2026-09-25-02","como-follow-up-desk"
"agentRequests","480001","archive_history","assistant_history","","Historical record only; never rerun","","COMO-FUD-2026-09-25-02","como-follow-up-desk"
"agentRequests","720001","archive_history","assistant_history","","Historical record only; never rerun","","COMO-FUD-2026-09-25-02","como-follow-up-desk"
"agentRequests","750001","archive_history","assistant_history","","Historical record only; never rerun","","COMO-FUD-2026-09-25-02","como-follow-up-desk"
"agentRequests","870005","archive_history","assistant_history","","Historical record only; never rerun","","COMO-FUD-2026-09-25-02","como-follow-up-desk"
"agentRequests","870006","archive_history","assistant_history","","Historical record only; never rerun","","COMO-FUD-2026-09-25-02","como-follow-up-desk"
"agentRequests","870007","archive_history","assistant_history","","Historical record only; never rerun","","COMO-FUD-2026-09-25-02","como-follow-up-desk"
"agentRequests","870008","archive_history","assistant_history","","Historical record only; never rerun","","COMO-FUD-2026-09-25-02","como-follow-up-desk"
"agentRequests","900001","archive_history","assistant_history","","Historical record only; never rerun","","COMO-FUD-2026-09-25-02","como-follow-up-desk"
"agentRequests","900002","archive_history","assistant_history","","Historical record only; never rerun","","COMO-FUD-2026-09-25-02","como-follow-up-desk"
"agentRequests","900003","archive_history","assistant_history","","Historical record only; never rerun","","COMO-FUD-2026-09-25-02","como-follow-up-desk"
"agentRequests","900004","archive_history","assistant_history","","Historical record only; never rerun","","COMO-FUD-2026-09-25-02","como-follow-up-desk"
"agentRequests","900005","archive_history","assistant_history","","Historical record only; never rerun","","COMO-FUD-2026-09-25-02","como-follow-up-desk"
"agentRequests","930001","archive_history","assistant_history","","Historical record only; never rerun","","COMO-FUD-2026-09-25-02","como-follow-up-desk"
"agentRequests","930002","archive_history","assistant_history","","Historical record only; never rerun","","COMO-FUD-2026-09-25-02","como-follow-up-desk"
"agentRequests","930003","archive_history","assistant_history","","Historical record only; never rerun","","COMO-FUD-2026-09-25-02","como-follow-up-desk"
"agentRequests","930004","archive_history","assistant_history","","Historical record only; never rerun","","COMO-FUD-2026-09-25-02","como-follow-up-desk"
"agentRequests","960001","archive_history","assistant_history","","Historical record only; never rerun","","COMO-FUD-2026-09-25-02","como-follow-up-desk"
"agentRequests","990001","archive_history","assistant_history","","Historical record only; never rerun","","COMO-FUD-2026-09-25-02","como-follow-up-desk"
"agentRequests","1020001","archive_history","assistant_history","","Historical record only; never rerun","","COMO-FUD-2026-09-25-02","como-follow-up-desk"
"agentRequests","1050001","archive_history","assistant_history","","Historical record only; never rerun","","COMO-FUD-2026-09-25-02","como-follow-up-desk"
"agentRequests","1050002","archive_history","assistant_history","","Historical record only; never rerun","","COMO-FUD-2026-09-25-02","como-follow-up-desk"
"agentRequests","1080001","archive_history","assistant_history","","Historical record only; never rerun","","COMO-FUD-2026-09-25-02","como-follow-up-desk"
"agentRequests","1080002","archive_history","assistant_history","","Historical record only; never rerun","","COMO-FUD-2026-09-25-02","como-follow-up-desk"
"agentRequests","1110001","archive_history","assistant_history","","Historical record only; never rerun","","COMO-FUD-2026-09-25-02","como-follow-up-desk"
"agentRequests","1140001","archive_history","assistant_history","","Historical record only; never rerun","","COMO-FUD-2026-09-25-02","como-follow-up-desk"
"agentRequests","1170001","archive_history","assistant_history","","Historical record only; never rerun","","COMO-FUD-2026-09-25-02","como-follow-up-desk"
"agentRequests","1200001","archive_history","assistant_history","","Historical record only; never rerun","","COMO-FUD-2026-09-25-02","como-follow-up-desk"
"agentRequests","1230001","archive_history","assistant_history","","Historical record only; never rerun","","COMO-FUD-2026-09-25-02","como-follow-up-desk"
"agentRequests","1260001","archive_history","assistant_history","","Historical record only; never rerun","","COMO-FUD-2026-09-25-02","como-follow-up-desk"
"agentRequests","1290001","archive_history","assistant_history","","Historical record only; never rerun","","COMO-FUD-2026-09-25-02","como-follow-up-desk"
"agentRequests","1320001","archive_history","assistant_history","","Historical record only; never rerun","","COMO-FUD-2026-09-25-02","como-follow-up-desk"
"agentRequests","1350001","archive_history","assistant_history","","Historical record only; never rerun","","COMO-FUD-2026-09-25-02","como-follow-up-desk"
"agentRequests","1380001","archive_history","assistant_history","","Historical record only; never rerun","","COMO-FUD-2026-09-25-02","como-follow-up-desk"
"agentRequests","1410001","archive_history","assistant_history","","Historical record only; never rerun","","COMO-FUD-2026-09-25-02","como-follow-up-desk"
"agentRequests","1440001","archive_history","assistant_history","","Historical record only; never rerun","","COMO-FUD-2026-09-25-02","como-follow-up-desk"
"agentRequests","1440002","archive_history","assistant_history","","Historical record only; never rerun","","COMO-FUD-2026-09-25-02","como-follow-up-desk"
"agentRequests","1470001","archive_history","assistant_history","","Historical record only; never rerun","","COMO-FUD-2026-09-25-02","como-follow-up-desk"
"agentRequests","1500001","archive_history","assistant_history","","Historical record only; never rerun","","COMO-FUD-2026-09-25-02","como-follow-up-desk"
"agentRequests","1530001","archive_history","assistant_history","","Historical record only; never rerun","","COMO-FUD-2026-09-25-02","como-follow-up-desk"
"agentRequests","1560003","archive_history","assistant_history","","Historical record only; never rerun","","COMO-FUD-2026-09-25-02","como-follow-up-desk"
"agentRequests","1590001","archive_history","assistant_history","","Historical record only; never rerun","","COMO-FUD-2026-09-25-02","como-follow-up-desk"
"agentRequests","1620001","archive_history","assistant_history","","Historical record only; never rerun","","COMO-FUD-2026-09-25-02","como-follow-up-desk"
"agentRequests","1650001","archive_history","assistant_history","","Historical record only; never rerun","","COMO-FUD-2026-09-25-02","como-follow-up-desk"
"agentRequests","1680001","archive_history","assistant_history","","Historical record only; never rerun","","COMO-FUD-2026-09-25-02","como-follow-up-desk"
"agentRequests","1710001","archive_history","assistant_history","","Historical record only; never rerun","","COMO-FUD-2026-09-25-02","como-follow-up-desk"
"agentRequests","1740001","archive_history","assistant_history","","Historical record only; never rerun","","COMO-FUD-2026-09-25-02","como-follow-up-desk"
"agentRequests","1770001","archive_history","assistant_history","","Historical record only; never rerun","","COMO-FUD-2026-09-25-02","como-follow-up-desk"
"agentRequests","1770002","archive_history","assistant_history","","Historical record only; never rerun","","COMO-FUD-2026-09-25-02","como-follow-up-desk"
"agentRequests","1800001","archive_history","assistant_history","","Historical record only; never rerun","","COMO-FUD-2026-09-25-02","como-follow-up-desk"
"agentRequests","1830001","archive_history","assistant_history","","Historical record only; never rerun","","COMO-FUD-2026-09-25-02","como-follow-up-desk"
"agentRequests","1830002","archive_history","assistant_history","","Historical record only; never rerun","","COMO-FUD-2026-09-25-02","como-follow-up-desk"
"agentRequests","1860001","archive_history","assistant_history","","Historical record only; never rerun","","COMO-FUD-2026-09-25-02","como-follow-up-desk"
"agentRequests","1890001","archive_history","assistant_history","","Historical record only; never rerun","","COMO-FUD-2026-09-25-02","como-follow-up-desk"
"agentRequests","1920001","archive_history","assistant_history","","Historical record only; never rerun","","COMO-FUD-2026-09-25-02","como-follow-up-desk"
"agentRequests","1950001","archive_history","assistant_history","","Historical record only; never rerun","","COMO-FUD-2026-09-25-02","como-follow-up-desk"
"agentRequests","1980001","archive_history","assistant_history","","Historical record only; never rerun","","COMO-FUD-2026-09-25-02","como-follow-up-desk"
"agentRequests","2010001","archive_history","assistant_history","","Historical record only; never rerun","","COMO-FUD-2026-09-25-02","como-follow-up-desk"
"agentRequests","2040001","archive_history","assistant_history","","Historical record only; never rerun","","COMO-FUD-2026-09-25-02","como-follow-up-desk"
"agentRequests","2070001","archive_history","assistant_history","","Historical record only; never rerun","","COMO-FUD-2026-09-25-02","como-follow-up-desk"
"agentRequests","2100001","archive_history","assistant_history","","Historical record only; never rerun","","COMO-FUD-2026-09-25-02","como-follow-up-desk"
"agentRequests","2130001","archive_history","assistant_history","","Historical record only; never rerun","","COMO-FUD-2026-09-25-02","como-follow-up-desk"
"agentRequests","2160001","archive_history","assistant_history","","Historical record only; never rerun","","COMO-FUD-2026-09-25-02","como-follow-up-desk"
"agentRequests","2190001","archive_history","assistant_history","","Historical record only; never rerun","","COMO-FUD-2026-09-25-02","como-follow-up-desk"
"agentRequests","2220001","archive_history","assistant_history","","Historical record only; never rerun","","COMO-FUD-2026-09-25-02","como-follow-up-desk"
"agentRequests","2250001","archive_history","assistant_history","","Historical record only; never rerun","","COMO-FUD-2026-09-25-02","como-follow-up-desk"
"agentRequests","2280001","archive_history","assistant_history","","Historical record only; never rerun","","COMO-FUD-2026-09-25-02","como-follow-up-desk"
"agentRequests","2310001","archive_history","assistant_history","","Historical record only; never rerun","","COMO-FUD-2026-09-25-02","como-follow-up-desk"
"agentRequests","2340001","archive_history","assistant_history","","Historical record only; never rerun","","COMO-FUD-2026-09-25-02","como-follow-up-desk"
"agentRequests","2370001","archive_history","assistant_history","","Historical record only; never rerun","","COMO-FUD-2026-09-25-02","como-follow-up-desk"
"agentRequests","2400001","archive_history","assistant_history","","Historical record only; never rerun","","COMO-FUD-2026-09-25-02","como-follow-up-desk"
"agentRequests","2430001","archive_history","assistant_history","","Historical record only; never rerun","","COMO-FUD-2026-09-25-02","como-follow-up-desk"
"agentRequests","2460001","archive_history","assistant_history","","Historical record only; never rerun","","COMO-FUD-2026-09-25-02","como-follow-up-desk"
"agentRequests","2490001","archive_history","assistant_history","","Historical record only; never rerun","","COMO-FUD-2026-09-25-02","como-follow-up-desk"
"agentRequests","2520001","archive_history","assistant_history","","Historical record only; never rerun","","COMO-FUD-2026-09-25-02","como-follow-up-desk"
"agentRequests","2550001","archive_history","assistant_history","","Historical record only; never rerun","","COMO-FUD-2026-09-25-02","como-follow-up-desk"
"agentRequests","2580001","archive_history","assistant_history","","Historical record only; never rerun","","COMO-FUD-2026-09-25-02","como-follow-up-desk"
"agentRequests","2610001","archive_history","assistant_history","","Historical record only; never rerun","","COMO-FUD-2026-09-25-02","como-follow-up-desk"
"agentRequests","2640001","archive_history","assistant_history","","Historical record only; never rerun","","COMO-FUD-2026-09-25-02","como-follow-up-desk"
"agentRequests","2670001","archive_history","assistant_history","","Historical record only; never rerun","","COMO-FUD-2026-09-25-02","como-follow-up-desk"
"agentRequests","2700001","archive_history","assistant_history","","Historical record only; never rerun","","COMO-FUD-2026-09-25-02","como-follow-up-desk"
"agentRequests","2730001","archive_history","assistant_history","","Historical record only; never rerun","","COMO-FUD-2026-09-25-02","como-follow-up-desk"
"agentRequests","2760001","archive_history","assistant_history","","Historical record only; never rerun","","COMO-FUD-2026-09-25-02","como-follow-up-desk"
"agentRequests","2790001","archive_history","assistant_history","","Historical record only; never rerun","","COMO-FUD-2026-09-25-02","como-follow-up-desk"
"agentRequests","2820001","archive_history","assistant_history","","Historical record only; never rerun","","COMO-FUD-2026-09-25-02","como-follow-up-desk"
"agentRequests","2850001","archive_history","assistant_history","","Historical record only; never rerun","","COMO-FUD-2026-09-25-02","como-follow-up-desk"
"agentRequests","2880001","archive_history","assistant_history","","Historical record only; never rerun","","COMO-FUD-2026-09-25-02","como-follow-up-desk"
"agentRequests","2910001","archive_history","assistant_history","","Historical record only; never rerun","","COMO-FUD-2026-09-25-02","como-follow-up-desk"
"agentRequests","2940001","archive_history","assistant_history","","Historical record only; never rerun","","COMO-FUD-2026-09-25-02","como-follow-up-desk"
"agentRequests","2970001","archive_history","assistant_history","","Historical record only; never rerun","","COMO-FUD-2026-09-25-02","como-follow-up-desk"
"agentRequests","3000001","archive_history","assistant_history","","Historical record only; never rerun","","COMO-FUD-2026-09-25-02","como-follow-up-desk"
"agentRequests","3030001","archive_history","assistant_history","","Historical record only; never rerun","","COMO-FUD-2026-09-25-02","como-follow-up-desk"
"agentRequests","3060001","archive_history","assistant_history","","Historical record only; never rerun","","COMO-FUD-2026-09-25-02","como-follow-up-desk"
"agentRequests","3090001","archive_history","assistant_history","","Historical record only; never rerun","","COMO-FUD-2026-09-25-02","como-follow-up-desk"
"agentRequests","3120001","archive_history","assistant_history","","Historical record only; never rerun","","COMO-FUD-2026-09-25-02","como-follow-up-desk"
"agentRequests","3150001","archive_history","assistant_history","","Historical record only; never rerun","","COMO-FUD-2026-09-25-02","como-follow-up-desk"
"agentRequests","3180001","archive_history","assistant_history","","Historical record only; never rerun","","COMO-FUD-2026-09-25-02","como-follow-up-desk"
"agentRequests","3210001","archive_history","assistant_history","","Historical record only; never rerun","","COMO-FUD-2026-09-25-02","como-follow-up-desk"
"agentRequests","3240001","archive_history","assistant_history","","Historical record only; never rerun","","COMO-FUD-2026-09-25-02","como-follow-up-desk"
"agentRequests","3270001","archive_history","assistant_history","","Historical record only; never rerun","","COMO-FUD-2026-09-25-02","como-follow-up-desk"
"agentRequests","3300001","archive_history","assistant_history","","Historical record only; never rerun","","COMO-FUD-2026-09-25-02","como-follow-up-desk"
"agentRequests","3330001","archive_history","assistant_history","","Historical record only; never rerun","","COMO-FUD-2026-09-25-02","como-follow-up-desk"
"agentRequests","3360001","archive_history","assistant_history","","Historical record only; never rerun","","COMO-FUD-2026-09-25-02","como-follow-up-desk"
"agentRequests","3390001","archive_history","assistant_history","","Historical record only; never rerun","","COMO-FUD-2026-09-25-02","como-follow-up-desk"
"agentRequests","3420001","archive_history","assistant_history","","Historical record only; never rerun","","COMO-FUD-2026-09-25-02","como-follow-up-desk"
"agentRequests","3450001","archive_history","assistant_history","","Historical record only; never rerun","","COMO-FUD-2026-09-25-02","como-follow-up-desk"
"agentRequests","3480001","archive_history","assistant_history","","Historical record only; never rerun","","COMO-FUD-2026-09-25-02","como-follow-up-desk"
"agentRequests","3510001","archive_history","assistant_history","","Historical record only; never rerun","","COMO-FUD-2026-09-25-02","como-follow-up-desk"
"agentRequests","3540001","archive_history","assistant_history","","Historical record only; never rerun","","COMO-FUD-2026-09-25-02","como-follow-up-desk"
"agentRequests","3570001","archive_history","assistant_history","","Historical record only; never rerun","","COMO-FUD-2026-09-25-02","como-follow-up-desk"
"agentRequests","3630001","archive_history","assistant_history","","Historical record only; never rerun","","COMO-FUD-2026-09-25-02","como-follow-up-desk"
"agentRequests","3660001","archive_history","assistant_history","","Historical record only; never rerun","","COMO-FUD-2026-09-25-02","como-follow-up-desk"
"consultantContacts","1","create_child","organization_contacts","","Create under the unverified party candidate with full provenance","","COMO-FUD-2026-09-25-02","como-follow-up-desk"
"consultantContacts","2","create_child","organization_contacts","","Create under the unverified party candidate with full provenance","","COMO-FUD-2026-09-25-02","como-follow-up-desk"
"consultantContacts","3","create_child","organization_contacts","","Create under the unverified party candidate with full provenance","","COMO-FUD-2026-09-25-02","como-follow-up-desk"
"consultantContacts","4","create_child","organization_contacts","","Create under the unverified party candidate with full provenance","","COMO-FUD-2026-09-25-02","como-follow-up-desk"
"consultantContacts","5","create_child","organization_contacts","","Create under the unverified party candidate with full provenance","","COMO-FUD-2026-09-25-02","como-follow-up-desk"
"consultantContacts","6","create_child","organization_contacts","","Create under the unverified party candidate with full provenance","","COMO-FUD-2026-09-25-02","como-follow-up-desk"
"consultantContacts","7","create_child","organization_contacts","","Create under the unverified party candidate with full provenance","","COMO-FUD-2026-09-25-02","como-follow-up-desk"
"consultantContacts","8","create_child","organization_contacts","","Create under the unverified party candidate with full provenance","","COMO-FUD-2026-09-25-02","como-follow-up-desk"
"consultantContacts","9","create_child","organization_contacts","","Create under the unverified party candidate with full provenance","","COMO-FUD-2026-09-25-02","como-follow-up-desk"
"consultantContacts","10","create_child","organization_contacts","","Create under the unverified party candidate with full provenance","","COMO-FUD-2026-09-25-02","como-follow-up-desk"
"consultantContacts","11","create_child","organization_contacts","","Create under the unverified party candidate with full provenance","","COMO-FUD-2026-09-25-02","como-follow-up-desk"
"consultantContacts","12","create_child","organization_contacts","","Create under the unverified party candidate with full provenance","","COMO-FUD-2026-09-25-02","como-follow-up-desk"
"consultantContacts","13","create_child","organization_contacts","","Create under the unverified party candidate with full provenance","","COMO-FUD-2026-09-25-02","como-follow-up-desk"
"consultantContacts","14","create_child","organization_contacts","","Create under the unverified party candidate with full provenance","","COMO-FUD-2026-09-25-02","como-follow-up-desk"
"consultantContacts","15","create_child","organization_contacts","","Create under the unverified party candidate with full provenance","","COMO-FUD-2026-09-25-02","como-follow-up-desk"
"consultantContacts","16","create_child","organization_contacts","","Create under the unverified party candidate with full provenance","","COMO-FUD-2026-09-25-02","como-follow-up-desk"
"consultantContacts","17","create_child","organization_contacts","","Create under the unverified party candidate with full provenance","","COMO-FUD-2026-09-25-02","como-follow-up-desk"
"consultantContacts","18","create_child","organization_contacts","","Create under the unverified party candidate with full provenance","","COMO-FUD-2026-09-25-02","como-follow-up-desk"
"consultantContacts","19","create_child","organization_contacts","","Create under the unverified party candidate with full provenance","","COMO-FUD-2026-09-25-02","como-follow-up-desk"
"consultantContacts","20","create_child","organization_contacts","","Create under the unverified party candidate with full provenance","","COMO-FUD-2026-09-25-02","como-follow-up-desk"
"consultantContacts","21","create_child","organization_contacts","","Create under the unverified party candidate with full provenance","","COMO-FUD-2026-09-25-02","como-follow-up-desk"
"consultantContacts","22","create_child","organization_contacts","","Create under the unverified party candidate with full provenance","","COMO-FUD-2026-09-25-02","como-follow-up-desk"
"consultantContacts","23","create_child","organization_contacts","","Create under the unverified party candidate with full provenance","","COMO-FUD-2026-09-25-02","como-follow-up-desk"
"consultantContacts","30001","create_child","organization_contacts","","Create under the unverified party candidate with full provenance","","COMO-FUD-2026-09-25-02","como-follow-up-desk"
"consultantContacts","60001","create_child","organization_contacts","","Create under the unverified party candidate with full provenance","","COMO-FUD-2026-09-25-02","como-follow-up-desk"
"consultantContacts","90001","create_child","organization_contacts","","Create under the unverified party candidate with full provenance","","COMO-FUD-2026-09-25-02","como-follow-up-desk"
"consultantContacts","90002","create_child","organization_contacts","","Create under the unverified party candidate with full provenance","","COMO-FUD-2026-09-25-02","como-follow-up-desk"
"consultantContacts","120001","create_child","organization_contacts","","Create under approved organization mapping","","COMO-FUD-2026-09-25-02","como-follow-up-desk"
"consultantContacts","120002","create_child","organization_contacts","","Create under the unverified party candidate with full provenance","","COMO-FUD-2026-09-25-02","como-follow-up-desk"
"consultantContacts","120003","create_child","organization_contacts","","Create under the unverified party candidate with full provenance","","COMO-FUD-2026-09-25-02","como-follow-up-desk"
"consultantContacts","150001","create_child","organization_contacts","","Create under the unverified party candidate with full provenance","","COMO-FUD-2026-09-25-02","como-follow-up-desk"
"consultantContacts","150002","create_child","organization_contacts","","Create under the unverified party candidate with full provenance","","COMO-FUD-2026-09-25-02","como-follow-up-desk"
"consultantContacts","180001","create_child","organization_contacts","","Create under approved organization mapping","","COMO-FUD-2026-09-25-02","como-follow-up-desk"
"consultants","1","create_candidate","como_next_parties","","Create an unverified party candidate; do not treat as an appointed consultant","","COMO-FUD-2026-09-25-02","como-follow-up-desk"
"consultants","2","create_candidate","como_next_parties","","Create an unverified party candidate; do not treat as an appointed consultant","","COMO-FUD-2026-09-25-02","como-follow-up-desk"
"consultants","3","create_candidate","como_next_parties","","Create an unverified party candidate; do not treat as an appointed consultant","","COMO-FUD-2026-09-25-02","como-follow-up-desk"
"consultants","4","create_candidate","como_next_parties","","Create an unverified party candidate; do not treat as an appointed consultant","","COMO-FUD-2026-09-25-02","como-follow-up-desk"
"consultants","5","create_candidate","como_next_parties","","Create an unverified party candidate; do not treat as an appointed consultant","","COMO-FUD-2026-09-25-02","como-follow-up-desk"
"consultants","6","create_candidate","como_next_parties","","Create an unverified party candidate; do not treat as an appointed consultant","","COMO-FUD-2026-09-25-02","como-follow-up-desk"
"consultants","7","create_candidate","como_next_parties","","Create an unverified party candidate; do not treat as an appointed consultant","","COMO-FUD-2026-09-25-02","como-follow-up-desk"
"consultants","8","create_candidate","como_next_parties","","Create an unverified party candidate; do not treat as an appointed consultant","","COMO-FUD-2026-09-25-02","como-follow-up-desk"
"consultants","9","create_candidate","como_next_parties","","Create an unverified party candidate; do not treat as an appointed consultant","","COMO-FUD-2026-09-25-02","como-follow-up-desk"
"consultants","10","create_candidate","como_next_parties","","Create an unverified party candidate; do not treat as an appointed consultant","","COMO-FUD-2026-09-25-02","como-follow-up-desk"
"consultants","11","create_candidate","como_next_parties","","Create an unverified party candidate; do not treat as an appointed consultant","","COMO-FUD-2026-09-25-02","como-follow-up-desk"
"consultants","12","create_candidate","como_next_parties","","Create an unverified party candidate; do not treat as an appointed consultant","","COMO-FUD-2026-09-25-02","como-follow-up-desk"
"consultants","13","create_candidate","como_next_parties","","Create an unverified party candidate; do not treat as an appointed consultant","","COMO-FUD-2026-09-25-02","como-follow-up-desk"
"consultants","30001","map_existing","como_next_parties","5","Approved consultant mapping","","COMO-FUD-2026-09-25-02","como-follow-up-desk"
"consultants","30002","create_candidate","como_next_parties","","Create an unverified party candidate; do not treat as an appointed consultant","","COMO-FUD-2026-09-25-02","como-follow-up-desk"
"consultants","60001","map_existing","como_next_parties","2","Approved consultant mapping","","COMO-FUD-2026-09-25-02","como-follow-up-desk"
"followUpTasks","1","create_work_file","como_next_work_files","","Create a staged work file under project 1","","COMO-FUD-2026-09-25-02","como-follow-up-desk"
"followUpTasks","2","create_work_file","como_next_work_files","","Create a staged work file under project 1","","COMO-FUD-2026-09-25-02","como-follow-up-desk"
"followUpTasks","3","create_work_file","como_next_work_files","","Create a staged work file under project 1","","COMO-FUD-2026-09-25-02","como-follow-up-desk"
"followUpTasks","4","create_work_file","como_next_work_files","","Create a staged work file under project 1","","COMO-FUD-2026-09-25-02","como-follow-up-desk"
"followUpTasks","5","create_work_file","como_next_work_files","","Create a staged work file under project 1","","COMO-FUD-2026-09-25-02","como-follow-up-desk"
"followUpTasks","6","create_work_file","como_next_work_files","","Create a staged work file under project 6","","COMO-FUD-2026-09-25-02","como-follow-up-desk"
"followUpTasks","30001","create_work_file","como_next_work_files","","Create a staged work file under project 1","","COMO-FUD-2026-09-25-02","como-follow-up-desk"
"followUpTasks","60001","skip_reference","como_next_work_files","","Skip because the owner temporarily excluded the source project","","COMO-FUD-2026-09-25-02","como-follow-up-desk"
"followUpTasks","90001","create_work_file","como_next_work_files","","Create a staged work file under project 1","","COMO-FUD-2026-09-25-02","como-follow-up-desk"
"followUpTasks","120001","create_work_file","como_next_work_files","","Create a staged work file under project 1","","COMO-FUD-2026-09-25-02","como-follow-up-desk"
"followUpTasks","150001","create_work_file","como_next_work_files","","Create a staged work file under project 1","","COMO-FUD-2026-09-25-02","como-follow-up-desk"
"followUpTasks","240001","create_work_file","como_next_work_files","","Create a staged work file under project 6","","COMO-FUD-2026-09-25-02","como-follow-up-desk"
"meetingAgendaItems","1","create_child","como_next_meetingAgendaItems","","Create only after parent meeting mapping resolves","","COMO-FUD-2026-09-25-02","como-follow-up-desk"
"meetingAgendaItems","2","create_child","como_next_meetingAgendaItems","","Create only after parent meeting mapping resolves","","COMO-FUD-2026-09-25-02","como-follow-up-desk"
"meetingAgendaItems","3","create_child","como_next_meetingAgendaItems","","Create only after parent meeting mapping resolves","","COMO-FUD-2026-09-25-02","como-follow-up-desk"
"meetingAgendaItems","4","create_child","como_next_meetingAgendaItems","","Create only after parent meeting mapping resolves","","COMO-FUD-2026-09-25-02","como-follow-up-desk"
"meetingAgendaItems","5","create_child","como_next_meetingAgendaItems","","Create only after parent meeting mapping resolves","","COMO-FUD-2026-09-25-02","como-follow-up-desk"
"meetingAgendaItems","6","create_child","como_next_meetingAgendaItems","","Create only after parent meeting mapping resolves","","COMO-FUD-2026-09-25-02","como-follow-up-desk"
"meetingAgendaItems","7","create_child","como_next_meetingAgendaItems","","Create only after parent meeting mapping resolves","","COMO-FUD-2026-09-25-02","como-follow-up-desk"
"meetingAgendaItems","8","create_child","como_next_meetingAgendaItems","","Create only after parent meeting mapping resolves","","COMO-FUD-2026-09-25-02","como-follow-up-desk"
"meetingAgendaItems","9","create_child","como_next_meetingAgendaItems","","Create only after parent meeting mapping resolves","","COMO-FUD-2026-09-25-02","como-follow-up-desk"
"meetingAgendaItems","10","create_child","como_next_meetingAgendaItems","","Create only after parent meeting mapping resolves","","COMO-FUD-2026-09-25-02","como-follow-up-desk"
"meetingAgendaItems","11","create_child","como_next_meetingAgendaItems","","Create only after parent meeting mapping resolves","","COMO-FUD-2026-09-25-02","como-follow-up-desk"
"meetingAgendaItems","12","create_child","como_next_meetingAgendaItems","","Create only after parent meeting mapping resolves","","COMO-FUD-2026-09-25-02","como-follow-up-desk"
"meetingAgendaItems","13","create_child","como_next_meetingAgendaItems","","Create only after parent meeting mapping resolves","","COMO-FUD-2026-09-25-02","como-follow-up-desk"
"meetingAgendaItems","30001","create_child","como_next_meetingAgendaItems","","Create only after parent meeting mapping resolves","","COMO-FUD-2026-09-25-02","como-follow-up-desk"
"meetingAgendaItems","30002","create_child","como_next_meetingAgendaItems","","Create only after parent meeting mapping resolves","","COMO-FUD-2026-09-25-02","como-follow-up-desk"
"meetingAgendaItems","30003","create_child","como_next_meetingAgendaItems","","Create only after parent meeting mapping resolves","","COMO-FUD-2026-09-25-02","como-follow-up-desk"
"meetingAgendaItems","30004","create_child","como_next_meetingAgendaItems","","Create only after parent meeting mapping resolves","","COMO-FUD-2026-09-25-02","como-follow-up-desk"
"meetingAgendaItems","30005","create_child","como_next_meetingAgendaItems","","Create only after parent meeting mapping resolves","","COMO-FUD-2026-09-25-02","como-follow-up-desk"
"meetingAgendaItems","30006","create_child","como_next_meetingAgendaItems","","Create only after parent meeting mapping resolves","","COMO-FUD-2026-09-25-02","como-follow-up-desk"
"meetingAgendaItems","30007","create_child","como_next_meetingAgendaItems","","Create only after parent meeting mapping resolves","","COMO-FUD-2026-09-25-02","como-follow-up-desk"
"meetingAgendaItems","60001","create_child","como_next_meetingAgendaItems","","Create only after parent meeting mapping resolves","","COMO-FUD-2026-09-25-02","como-follow-up-desk"
"meetingAgendaItems","60002","create_child","como_next_meetingAgendaItems","","Create only after parent meeting mapping resolves","","COMO-FUD-2026-09-25-02","como-follow-up-desk"
"meetingAgendaItems","60003","create_child","como_next_meetingAgendaItems","","Create only after parent meeting mapping resolves","","COMO-FUD-2026-09-25-02","como-follow-up-desk"
"meetingAgendaItems","60004","create_child","como_next_meetingAgendaItems","","Create only after parent meeting mapping resolves","","COMO-FUD-2026-09-25-02","como-follow-up-desk"
"meetingAgendaItems","60005","create_child","como_next_meetingAgendaItems","","Create only after parent meeting mapping resolves","","COMO-FUD-2026-09-25-02","como-follow-up-desk"
"meetingAgendaItems","60006","create_child","como_next_meetingAgendaItems","","Create only after parent meeting mapping resolves","","COMO-FUD-2026-09-25-02","como-follow-up-desk"
"meetingAgendaItems","60007","create_child","como_next_meetingAgendaItems","","Create only after parent meeting mapping resolves","","COMO-FUD-2026-09-25-02","como-follow-up-desk"
"meetingAgendaItems","60008","create_child","como_next_meetingAgendaItems","","Create only after parent meeting mapping resolves","","COMO-FUD-2026-09-25-02","como-follow-up-desk"
"meetingAgendaItems","60009","create_child","como_next_meetingAgendaItems","","Create only after parent meeting mapping resolves","","COMO-FUD-2026-09-25-02","como-follow-up-desk"
"meetingAgendaItems","60010","create_child","como_next_meetingAgendaItems","","Create only after parent meeting mapping resolves","","COMO-FUD-2026-09-25-02","como-follow-up-desk"
"meetingAgendaItems","60011","create_child","como_next_meetingAgendaItems","","Create only after parent meeting mapping resolves","","COMO-FUD-2026-09-25-02","como-follow-up-desk"
"meetingAgendaItems","60012","create_child","como_next_meetingAgendaItems","","Create only after parent meeting mapping resolves","","COMO-FUD-2026-09-25-02","como-follow-up-desk"
"meetingAgendaItems","60013","create_child","como_next_meetingAgendaItems","","Create only after parent meeting mapping resolves","","COMO-FUD-2026-09-25-02","como-follow-up-desk"
"meetingAgendaItems","60014","create_child","como_next_meetingAgendaItems","","Create only after parent meeting mapping resolves","","COMO-FUD-2026-09-25-02","como-follow-up-desk"
"meetingAgendaItems","60015","create_child","como_next_meetingAgendaItems","","Create only after parent meeting mapping resolves","","COMO-FUD-2026-09-25-02","como-follow-up-desk"
"meetingAgendaItems","60016","create_child","como_next_meetingAgendaItems","","Create only after parent meeting mapping resolves","","COMO-FUD-2026-09-25-02","como-follow-up-desk"
"meetingAgendaItems","60017","create_child","como_next_meetingAgendaItems","","Create only after parent meeting mapping resolves","","COMO-FUD-2026-09-25-02","como-follow-up-desk"
"meetingAgendaItems","60018","create_child","como_next_meetingAgendaItems","","Create only after parent meeting mapping resolves","","COMO-FUD-2026-09-25-02","como-follow-up-desk"
"meetingAgendaItems","60019","create_child","como_next_meetingAgendaItems","","Create only after parent meeting mapping resolves","","COMO-FUD-2026-09-25-02","como-follow-up-desk"
"meetingAgendaItems","60020","create_child","como_next_meetingAgendaItems","","Create only after parent meeting mapping resolves","","COMO-FUD-2026-09-25-02","como-follow-up-desk"
"meetingAgendaItems","60021","create_child","como_next_meetingAgendaItems","","Create only after parent meeting mapping resolves","","COMO-FUD-2026-09-25-02","como-follow-up-desk"
"meetingAgendaItems","60022","create_child","como_next_meetingAgendaItems","","Create only after parent meeting mapping resolves","","COMO-FUD-2026-09-25-02","como-follow-up-desk"
"meetingAgendaItems","60023","create_child","como_next_meetingAgendaItems","","Create only after parent meeting mapping resolves","","COMO-FUD-2026-09-25-02","como-follow-up-desk"
"meetingAgendaItems","60024","create_child","como_next_meetingAgendaItems","","Create only after parent meeting mapping resolves","","COMO-FUD-2026-09-25-02","como-follow-up-desk"
"meetingAgendaItems","60025","create_child","como_next_meetingAgendaItems","","Create only after parent meeting mapping resolves","","COMO-FUD-2026-09-25-02","como-follow-up-desk"
"meetingAgendaItems","60026","create_child","como_next_meetingAgendaItems","","Create only after parent meeting mapping resolves","","COMO-FUD-2026-09-25-02","como-follow-up-desk"
"meetingAgendaItems","60027","create_child","como_next_meetingAgendaItems","","Create only after parent meeting mapping resolves","","COMO-FUD-2026-09-25-02","como-follow-up-desk"
"meetingAgendaItems","60028","create_child","como_next_meetingAgendaItems","","Create only after parent meeting mapping resolves","","COMO-FUD-2026-09-25-02","como-follow-up-desk"
"meetingAgendaItems","60029","create_child","como_next_meetingAgendaItems","","Create only after parent meeting mapping resolves","","COMO-FUD-2026-09-25-02","como-follow-up-desk"
"meetingAgendaItems","60030","create_child","como_next_meetingAgendaItems","","Create only after parent meeting mapping resolves","","COMO-FUD-2026-09-25-02","como-follow-up-desk"
"meetingAgendaItems","60031","create_child","como_next_meetingAgendaItems","","Create only after parent meeting mapping resolves","","COMO-FUD-2026-09-25-02","como-follow-up-desk"
"meetingAgendaItems","60032","create_child","como_next_meetingAgendaItems","","Create only after parent meeting mapping resolves","","COMO-FUD-2026-09-25-02","como-follow-up-desk"
"meetingAgendaItems","60033","create_child","como_next_meetingAgendaItems","","Create only after parent meeting mapping resolves","","COMO-FUD-2026-09-25-02","como-follow-up-desk"
"meetingAgendaItems","60034","create_child","como_next_meetingAgendaItems","","Create only after parent meeting mapping resolves","","COMO-FUD-2026-09-25-02","como-follow-up-desk"
"meetingAgendaItems","60035","create_child","como_next_meetingAgendaItems","","Create only after parent meeting mapping resolves","","COMO-FUD-2026-09-25-02","como-follow-up-desk"
"meetingAgendaItems","60036","create_child","como_next_meetingAgendaItems","","Create only after parent meeting mapping resolves","","COMO-FUD-2026-09-25-02","como-follow-up-desk"
"meetingAgendaItems","60037","create_child","como_next_meetingAgendaItems","","Create only after parent meeting mapping resolves","","COMO-FUD-2026-09-25-02","como-follow-up-desk"
"meetingAgendaItems","60038","create_child","como_next_meetingAgendaItems","","Create only after parent meeting mapping resolves","","COMO-FUD-2026-09-25-02","como-follow-up-desk"
"meetingAgendaItems","60039","create_child","como_next_meetingAgendaItems","","Create only after parent meeting mapping resolves","","COMO-FUD-2026-09-25-02","como-follow-up-desk"
"meetingAgendaItems","60040","create_child","como_next_meetingAgendaItems","","Create only after parent meeting mapping resolves","","COMO-FUD-2026-09-25-02","como-follow-up-desk"
"meetingAgendaItems","60041","create_child","como_next_meetingAgendaItems","","Create only after parent meeting mapping resolves","","COMO-FUD-2026-09-25-02","como-follow-up-desk"
"meetingAgendaItems","60042","create_child","como_next_meetingAgendaItems","","Create only after parent meeting mapping resolves","","COMO-FUD-2026-09-25-02","como-follow-up-desk"
"meetingAgendaItems","60043","create_child","como_next_meetingAgendaItems","","Create only after parent meeting mapping resolves","","COMO-FUD-2026-09-25-02","como-follow-up-desk"
"meetingAgendaItems","60044","create_child","como_next_meetingAgendaItems","","Create only after parent meeting mapping resolves","","COMO-FUD-2026-09-25-02","como-follow-up-desk"
"meetingAgendaItems","60045","create_child","como_next_meetingAgendaItems","","Create only after parent meeting mapping resolves","","COMO-FUD-2026-09-25-02","como-follow-up-desk"
"meetingAgendaItems","60046","create_child","como_next_meetingAgendaItems","","Create only after parent meeting mapping resolves","","COMO-FUD-2026-09-25-02","como-follow-up-desk"
"meetingAgendaItems","60047","create_child","como_next_meetingAgendaItems","","Create only after parent meeting mapping resolves","","COMO-FUD-2026-09-25-02","como-follow-up-desk"
"meetingAgendaItems","60048","create_child","como_next_meetingAgendaItems","","Create only after parent meeting mapping resolves","","COMO-FUD-2026-09-25-02","como-follow-up-desk"
"meetingAgendaItems","60049","create_child","como_next_meetingAgendaItems","","Create only after parent meeting mapping resolves","","COMO-FUD-2026-09-25-02","como-follow-up-desk"
"meetingAgendaItems","60050","create_child","como_next_meetingAgendaItems","","Create only after parent meeting mapping resolves","","COMO-FUD-2026-09-25-02","como-follow-up-desk"
"meetingAgendaItems","60051","create_child","como_next_meetingAgendaItems","","Create only after parent meeting mapping resolves","","COMO-FUD-2026-09-25-02","como-follow-up-desk"
"meetingAgendaItems","60052","create_child","como_next_meetingAgendaItems","","Create only after parent meeting mapping resolves","","COMO-FUD-2026-09-25-02","como-follow-up-desk"
"meetingAgendaItems","60053","create_child","como_next_meetingAgendaItems","","Create only after parent meeting mapping resolves","","COMO-FUD-2026-09-25-02","como-follow-up-desk"
"meetingAgendaItems","60054","create_child","como_next_meetingAgendaItems","","Create only after parent meeting mapping resolves","","COMO-FUD-2026-09-25-02","como-follow-up-desk"
"meetingAgendaItems","60055","create_child","como_next_meetingAgendaItems","","Create only after parent meeting mapping resolves","","COMO-FUD-2026-09-25-02","como-follow-up-desk"
"meetingAgendaItems","60056","create_child","como_next_meetingAgendaItems","","Create only after parent meeting mapping resolves","","COMO-FUD-2026-09-25-02","como-follow-up-desk"
"meetingAgendaItems","60057","create_child","como_next_meetingAgendaItems","","Create only after parent meeting mapping resolves","","COMO-FUD-2026-09-25-02","como-follow-up-desk"
"meetingAgendaItems","60058","create_child","como_next_meetingAgendaItems","","Create only after parent meeting mapping resolves","","COMO-FUD-2026-09-25-02","como-follow-up-desk"
"meetingAgendaItems","60059","create_child","como_next_meetingAgendaItems","","Create only after parent meeting mapping resolves","","COMO-FUD-2026-09-25-02","como-follow-up-desk"
"meetingAgendaItems","60060","create_child","como_next_meetingAgendaItems","","Create only after parent meeting mapping resolves","","COMO-FUD-2026-09-25-02","como-follow-up-desk"
"meetingAgendaItems","60061","create_child","como_next_meetingAgendaItems","","Create only after parent meeting mapping resolves","","COMO-FUD-2026-09-25-02","como-follow-up-desk"
"meetingAgendaItems","60062","create_child","como_next_meetingAgendaItems","","Create only after parent meeting mapping resolves","","COMO-FUD-2026-09-25-02","como-follow-up-desk"
"meetingAgendaItems","60063","create_child","como_next_meetingAgendaItems","","Create only after parent meeting mapping resolves","","COMO-FUD-2026-09-25-02","como-follow-up-desk"
"meetingAgendaItems","60064","create_child","como_next_meetingAgendaItems","","Create only after parent meeting mapping resolves","","COMO-FUD-2026-09-25-02","como-follow-up-desk"
"meetingAgendaItems","60065","create_child","como_next_meetingAgendaItems","","Create only after parent meeting mapping resolves","","COMO-FUD-2026-09-25-02","como-follow-up-desk"
"meetingAgendaItems","60066","create_child","como_next_meetingAgendaItems","","Create only after parent meeting mapping resolves","","COMO-FUD-2026-09-25-02","como-follow-up-desk"
"meetingAgendaItems","60067","create_child","como_next_meetingAgendaItems","","Create only after parent meeting mapping resolves","","COMO-FUD-2026-09-25-02","como-follow-up-desk"
"meetingAgendaItems","60068","create_child","como_next_meetingAgendaItems","","Create only after parent meeting mapping resolves","","COMO-FUD-2026-09-25-02","como-follow-up-desk"
"meetingAgendaItems","60069","create_child","como_next_meetingAgendaItems","","Create only after parent meeting mapping resolves","","COMO-FUD-2026-09-25-02","como-follow-up-desk"
"meetingAgendaItems","60070","create_child","como_next_meetingAgendaItems","","Create only after parent meeting mapping resolves","","COMO-FUD-2026-09-25-02","como-follow-up-desk"
"meetingAgendaItems","60071","create_child","como_next_meetingAgendaItems","","Create only after parent meeting mapping resolves","","COMO-FUD-2026-09-25-02","como-follow-up-desk"
"meetingAgendaItems","60072","create_child","como_next_meetingAgendaItems","","Create only after parent meeting mapping resolves","","COMO-FUD-2026-09-25-02","como-follow-up-desk"
"meetingAgendaItems","60073","create_child","como_next_meetingAgendaItems","","Create only after parent meeting mapping resolves","","COMO-FUD-2026-09-25-02","como-follow-up-desk"
"meetingAgendaItems","60074","create_child","como_next_meetingAgendaItems","","Create only after parent meeting mapping resolves","","COMO-FUD-2026-09-25-02","como-follow-up-desk"
"meetingAgendaItems","60075","create_child","como_next_meetingAgendaItems","","Create only after parent meeting mapping resolves","","COMO-FUD-2026-09-25-02","como-follow-up-desk"
"meetingAgendaItems","60076","create_child","como_next_meetingAgendaItems","","Create only after parent meeting mapping resolves","","COMO-FUD-2026-09-25-02","como-follow-up-desk"
"meetingAgendaItems","60077","create_child","como_next_meetingAgendaItems","","Create only after parent meeting mapping resolves","","COMO-FUD-2026-09-25-02","como-follow-up-desk"
"meetingAgendaItems","60078","create_child","como_next_meetingAgendaItems","","Create only after parent meeting mapping resolves","","COMO-FUD-2026-09-25-02","como-follow-up-desk"
"meetingAgendaItems","60079","create_child","como_next_meetingAgendaItems","","Create only after parent meeting mapping resolves","","COMO-FUD-2026-09-25-02","como-follow-up-desk"
"meetingAgendaItems","60080","create_child","como_next_meetingAgendaItems","","Create only after parent meeting mapping resolves","","COMO-FUD-2026-09-25-02","como-follow-up-desk"
"meetingAgendaItems","60081","create_child","como_next_meetingAgendaItems","","Create only after parent meeting mapping resolves","","COMO-FUD-2026-09-25-02","como-follow-up-desk"
"meetingAgendaItems","60082","create_child","como_next_meetingAgendaItems","","Create only after parent meeting mapping resolves","","COMO-FUD-2026-09-25-02","como-follow-up-desk"
"meetingAgendaItems","60083","create_child","como_next_meetingAgendaItems","","Create only after parent meeting mapping resolves","","COMO-FUD-2026-09-25-02","como-follow-up-desk"
"meetingAgendaItems","60084","create_child","como_next_meetingAgendaItems","","Create only after parent meeting mapping resolves","","COMO-FUD-2026-09-25-02","como-follow-up-desk"
"meetingAgendaItems","60085","create_child","como_next_meetingAgendaItems","","Create only after parent meeting mapping resolves","","COMO-FUD-2026-09-25-02","como-follow-up-desk"
"meetingAgendaItems","90001","create_child","como_next_meetingAgendaItems","","Create only after parent meeting mapping resolves","","COMO-FUD-2026-09-25-02","como-follow-up-desk"
"meetingAgendaItems","90002","create_child","como_next_meetingAgendaItems","","Create only after parent meeting mapping resolves","","COMO-FUD-2026-09-25-02","como-follow-up-desk"
"meetingAgendaItems","90003","create_child","como_next_meetingAgendaItems","","Create only after parent meeting mapping resolves","","COMO-FUD-2026-09-25-02","como-follow-up-desk"
"meetingAgendaItems","90004","create_child","como_next_meetingAgendaItems","","Create only after parent meeting mapping resolves","","COMO-FUD-2026-09-25-02","como-follow-up-desk"
"meetingAgendaItems","90005","create_child","como_next_meetingAgendaItems","","Create only after parent meeting mapping resolves","","COMO-FUD-2026-09-25-02","como-follow-up-desk"
"meetingAgendaItems","90006","create_child","como_next_meetingAgendaItems","","Create only after parent meeting mapping resolves","","COMO-FUD-2026-09-25-02","como-follow-up-desk"
"meetingAgendaItems","90007","create_child","como_next_meetingAgendaItems","","Create only after parent meeting mapping resolves","","COMO-FUD-2026-09-25-02","como-follow-up-desk"
"meetingAgendaItems","90008","create_child","como_next_meetingAgendaItems","","Create only after parent meeting mapping resolves","","COMO-FUD-2026-09-25-02","como-follow-up-desk"
"meetingLogEntries","1","create_child","como_next_meetingLogEntries","","Create only after parent meeting mapping resolves","","COMO-FUD-2026-09-25-02","como-follow-up-desk"
"meetingParticipants","1","create_child","como_next_meetingParticipants","","Create only after parent meeting mapping resolves","","COMO-FUD-2026-09-25-02","como-follow-up-desk"
"meetingParticipants","2","create_child","como_next_meetingParticipants","","Create only after parent meeting mapping resolves","","COMO-FUD-2026-09-25-02","como-follow-up-desk"
"meetingParticipants","3","create_child","como_next_meetingParticipants","","Create only after parent meeting mapping resolves","","COMO-FUD-2026-09-25-02","como-follow-up-desk"
"meetingParticipants","30001","create_child","como_next_meetingParticipants","","Create only after parent meeting mapping resolves","","COMO-FUD-2026-09-25-02","como-follow-up-desk"
"meetingParticipants","30002","create_child","como_next_meetingParticipants","","Create only after parent meeting mapping resolves","","COMO-FUD-2026-09-25-02","como-follow-up-desk"
"meetingParticipants","120001","create_child","como_next_meetingParticipants","","Create only after parent meeting mapping resolves","","COMO-FUD-2026-09-25-02","como-follow-up-desk"
"meetingParticipants","120002","create_child","como_next_meetingParticipants","","Create only after parent meeting mapping resolves","","COMO-FUD-2026-09-25-02","como-follow-up-desk"
"meetingParticipants","120003","create_child","como_next_meetingParticipants","","Create only after parent meeting mapping resolves","","COMO-FUD-2026-09-25-02","como-follow-up-desk"
"meetingParticipants","120004","create_child","como_next_meetingParticipants","","Create only after parent meeting mapping resolves","","COMO-FUD-2026-09-25-02","como-follow-up-desk"
"meetingParticipants","120005","create_child","como_next_meetingParticipants","","Create only after parent meeting mapping resolves","","COMO-FUD-2026-09-25-02","como-follow-up-desk"
"meetingParticipants","120006","create_child","como_next_meetingParticipants","","Create only after parent meeting mapping resolves","","COMO-FUD-2026-09-25-02","como-follow-up-desk"
"meetingParticipants","120007","create_child","como_next_meetingParticipants","","Create only after parent meeting mapping resolves","","COMO-FUD-2026-09-25-02","como-follow-up-desk"
"meetingParticipants","120008","create_child","como_next_meetingParticipants","","Create only after parent meeting mapping resolves","","COMO-FUD-2026-09-25-02","como-follow-up-desk"
"meetingParticipants","120009","create_child","como_next_meetingParticipants","","Create only after parent meeting mapping resolves","","COMO-FUD-2026-09-25-02","como-follow-up-desk"
"meetingParticipants","150001","create_child","como_next_meetingParticipants","","Create only after parent meeting mapping resolves","","COMO-FUD-2026-09-25-02","como-follow-up-desk"
"meetingPreparationSources","1","create_child","como_next_meetingPreparationSources","","Create only after parent meeting mapping resolves","","COMO-FUD-2026-09-25-02","como-follow-up-desk"
"meetingVersions","1","create_child","como_next_meetingVersions","","Create only after parent meeting mapping resolves","","COMO-FUD-2026-09-25-02","como-follow-up-desk"
"meetingVersions","30001","create_child","como_next_meetingVersions","","Create only after parent meeting mapping resolves","","COMO-FUD-2026-09-25-02","como-follow-up-desk"
"meetings","1","create_meeting","como_next_meetings","","Create staged meeting linked to the mapped project and work file","","COMO-FUD-2026-09-25-02","como-follow-up-desk"
"meetings","30001","create_meeting","como_next_meetings","","Create staged meeting linked to the mapped project and work file","","COMO-FUD-2026-09-25-02","como-follow-up-desk"
"meetings","60001","create_meeting","como_next_meetings","","Create staged meeting linked to the mapped project and work file","","COMO-FUD-2026-09-25-02","como-follow-up-desk"
"meetings","90001","create_meeting","como_next_meetings","","Create staged meeting linked to the mapped project and work file","","COMO-FUD-2026-09-25-02","como-follow-up-desk"
"projectConsultants","1","create_child","project_organizations","","Create under the unverified party candidate with full provenance","","COMO-FUD-2026-09-25-02","como-follow-up-desk"
"projectConsultants","2","create_child","project_organizations","","Create under the unverified party candidate with full provenance","","COMO-FUD-2026-09-25-02","como-follow-up-desk"
"projectConsultants","3","create_child","project_organizations","","Create under the unverified party candidate with full provenance","","COMO-FUD-2026-09-25-02","como-follow-up-desk"
"projectConsultants","4","create_child","project_organizations","","Create under the unverified party candidate with full provenance","","COMO-FUD-2026-09-25-02","como-follow-up-desk"
"projectConsultants","5","create_child","project_organizations","","Create under the unverified party candidate with full provenance","","COMO-FUD-2026-09-25-02","como-follow-up-desk"
"projectConsultants","6","create_child","project_organizations","","Create under the unverified party candidate with full provenance","","COMO-FUD-2026-09-25-02","como-follow-up-desk"
"projectConsultants","7","create_child","project_organizations","","Create under the unverified party candidate with full provenance","","COMO-FUD-2026-09-25-02","como-follow-up-desk"
"projectConsultants","8","create_child","project_organizations","","Create under the unverified party candidate with full provenance","","COMO-FUD-2026-09-25-02","como-follow-up-desk"
"projectConsultants","9","create_child","project_organizations","","Create under the unverified party candidate with full provenance","","COMO-FUD-2026-09-25-02","como-follow-up-desk"
"projectConsultants","10","create_child","project_organizations","","Create under the unverified party candidate with full provenance","","COMO-FUD-2026-09-25-02","como-follow-up-desk"
"projectConsultants","11","create_child","project_organizations","","Create under the unverified party candidate with full provenance","","COMO-FUD-2026-09-25-02","como-follow-up-desk"
"projectConsultants","12","create_child","project_organizations","","Create under the unverified party candidate with full provenance","","COMO-FUD-2026-09-25-02","como-follow-up-desk"
"projectConsultants","13","create_child","project_organizations","","Create under the unverified party candidate with full provenance","","COMO-FUD-2026-09-25-02","como-follow-up-desk"
"projectConsultants","30001","skip_reference","project_organizations","","Skip with the temporarily excluded parent project","","COMO-FUD-2026-09-25-02","como-follow-up-desk"
"projectConsultants","30002","create_child","project_organizations","","Create under the unverified party candidate with full provenance","","COMO-FUD-2026-09-25-02","como-follow-up-desk"
"projectConsultants","60001","create_child","project_organizations","","Create under approved organization mapping","","COMO-FUD-2026-09-25-02","como-follow-up-desk"
"projects","1","map_existing","projects","1","Approved project mapping","","COMO-FUD-2026-09-25-02","como-follow-up-desk"
"projects","2","map_existing","projects","6","Approved project mapping","","COMO-FUD-2026-09-25-02","como-follow-up-desk"
"projects","30001","skip_reference","projects","","Owner approved temporary exclusion; retain only in the source package","","COMO-FUD-2026-09-25-02","como-follow-up-desk"
"saraBriefingDeliveries","1","archive_history","assistant_history","","Historical record only; never rerun","","COMO-FUD-2026-09-25-02","como-follow-up-desk"
"saraBriefingDeliveries","60001","archive_history","assistant_history","","Historical record only; never rerun","","COMO-FUD-2026-09-25-02","como-follow-up-desk"
"saraBriefingDeliveries","180001","archive_history","assistant_history","","Historical record only; never rerun","","COMO-FUD-2026-09-25-02","como-follow-up-desk"
"saraBriefingDeliveries","270001","archive_history","assistant_history","","Historical record only; never rerun","","COMO-FUD-2026-09-25-02","como-follow-up-desk"
"saraBriefingDeliveries","420001","archive_history","assistant_history","","Historical record only; never rerun","","COMO-FUD-2026-09-25-02","como-follow-up-desk"
"saraBriefingDeliveries","510001","archive_history","assistant_history","","Historical record only; never rerun","","COMO-FUD-2026-09-25-02","como-follow-up-desk"
"saraBriefingDeliveries","540001","archive_history","assistant_history","","Historical record only; never rerun","","COMO-FUD-2026-09-25-02","como-follow-up-desk"
"saraBriefingDeliveries","780001","archive_history","assistant_history","","Historical record only; never rerun","","COMO-FUD-2026-09-25-02","como-follow-up-desk"
"saraBriefingDeliveries","840001","archive_history","assistant_history","","Historical record only; never rerun","","COMO-FUD-2026-09-25-02","como-follow-up-desk"
"saraBriefingDeliveries","1140001","archive_history","assistant_history","","Historical record only; never rerun","","COMO-FUD-2026-09-25-02","como-follow-up-desk"
"saraBriefingSchedules","1","skip_reference","disabled_automation_reference","","Automation remains disabled and is not copied live","","COMO-FUD-2026-09-25-02","como-follow-up-desk"
"saraBriefingSnapshots","2","archive_history","assistant_history","","Historical record only; never rerun","","COMO-FUD-2026-09-25-02","como-follow-up-desk"
"saraBriefingSnapshots","60001","archive_history","assistant_history","","Historical record only; never rerun","","COMO-FUD-2026-09-25-02","como-follow-up-desk"
"saraBriefingSnapshots","240001","archive_history","assistant_history","","Historical record only; never rerun","","COMO-FUD-2026-09-25-02","como-follow-up-desk"
"saraBriefingSnapshots","300001","archive_history","assistant_history","","Historical record only; never rerun","","COMO-FUD-2026-09-25-02","como-follow-up-desk"
"saraBriefingSnapshots","630001","archive_history","assistant_history","","Historical record only; never rerun","","COMO-FUD-2026-09-25-02","como-follow-up-desk"
"saraBriefingSnapshots","930001","archive_history","assistant_history","","Historical record only; never rerun","","COMO-FUD-2026-09-25-02","como-follow-up-desk"
"saraBriefingSnapshots","1560001","archive_history","assistant_history","","Historical record only; never rerun","","COMO-FUD-2026-09-25-02","como-follow-up-desk"
"saraBriefingSnapshots","2040001","archive_history","assistant_history","","Historical record only; never rerun","","COMO-FUD-2026-09-25-02","como-follow-up-desk"
"saraBriefingSnapshots","2220001","archive_history","assistant_history","","Historical record only; never rerun","","COMO-FUD-2026-09-25-02","como-follow-up-desk"
"saraBriefingSnapshots","2700001","archive_history","assistant_history","","Historical record only; never rerun","","COMO-FUD-2026-09-25-02","como-follow-up-desk"
"saraBriefingSnapshots","3120001","archive_history","assistant_history","","Historical record only; never rerun","","COMO-FUD-2026-09-25-02","como-follow-up-desk"
"saraBriefingSnapshots","3540001","archive_history","assistant_history","","Historical record only; never rerun","","COMO-FUD-2026-09-25-02","como-follow-up-desk"
"saraBriefingSnapshots","3750001","archive_history","assistant_history","","Historical record only; never rerun","","COMO-FUD-2026-09-25-02","como-follow-up-desk"
"taskActivities","1","create_event","como_next_work_file_events","","Create under the staged parent work file with provenance","","COMO-FUD-2026-09-25-02","como-follow-up-desk"
"taskActivities","30001","create_event","como_next_work_file_events","","Create under the staged parent work file with provenance","","COMO-FUD-2026-09-25-02","como-follow-up-desk"
"taskActivities","60001","create_event","como_next_work_file_events","","Create under the staged parent work file with provenance","","COMO-FUD-2026-09-25-02","como-follow-up-desk"
"taskActivities","60002","create_event","como_next_work_file_events","","Create under the staged parent work file with provenance","","COMO-FUD-2026-09-25-02","como-follow-up-desk"
"taskActivities","90001","create_event","como_next_work_file_events","","Create under the staged parent work file with provenance","","COMO-FUD-2026-09-25-02","como-follow-up-desk"
"taskActivities","90002","create_event","como_next_work_file_events","","Create under the staged parent work file with provenance","","COMO-FUD-2026-09-25-02","como-follow-up-desk"
"taskActivities","90003","create_event","como_next_work_file_events","","Create under the staged parent work file with provenance","","COMO-FUD-2026-09-25-02","como-follow-up-desk"
"taskActivities","90004","create_event","como_next_work_file_events","","Create under the staged parent work file with provenance","","COMO-FUD-2026-09-25-02","como-follow-up-desk"
"taskActivities","90005","create_event","como_next_work_file_events","","Create under the staged parent work file with provenance","","COMO-FUD-2026-09-25-02","como-follow-up-desk"
"taskActivities","90006","create_event","como_next_work_file_events","","Create under the staged parent work file with provenance","","COMO-FUD-2026-09-25-02","como-follow-up-desk"
"taskActivities","90007","create_event","como_next_work_file_events","","Create under the staged parent work file with provenance","","COMO-FUD-2026-09-25-02","como-follow-up-desk"
"taskActivities","90008","create_event","como_next_work_file_events","","Create under the staged parent work file with provenance","","COMO-FUD-2026-09-25-02","como-follow-up-desk"
"taskActivities","90009","create_event","como_next_work_file_events","","Create under the staged parent work file with provenance","","COMO-FUD-2026-09-25-02","como-follow-up-desk"
"taskActivities","90010","create_event","como_next_work_file_events","","Create under the staged parent work file with provenance","","COMO-FUD-2026-09-25-02","como-follow-up-desk"
"taskActivities","90011","create_event","como_next_work_file_events","","Create under the staged parent work file with provenance","","COMO-FUD-2026-09-25-02","como-follow-up-desk"
"taskActivities","90012","create_event","como_next_work_file_events","","Create under the staged parent work file with provenance","","COMO-FUD-2026-09-25-02","como-follow-up-desk"
"taskActivities","90013","create_event","como_next_work_file_events","","Create under the staged parent work file with provenance","","COMO-FUD-2026-09-25-02","como-follow-up-desk"
"taskActivities","90014","create_event","como_next_work_file_events","","Create under the staged parent work file with provenance","","COMO-FUD-2026-09-25-02","como-follow-up-desk"
"taskActivities","90015","create_event","como_next_work_file_events","","Create under the staged parent work file with provenance","","COMO-FUD-2026-09-25-02","como-follow-up-desk"
"taskActivities","90016","create_event","como_next_work_file_events","","Create under the staged parent work file with provenance","","COMO-FUD-2026-09-25-02","como-follow-up-desk"
"taskActivities","90017","create_event","como_next_work_file_events","","Create under the staged parent work file with provenance","","COMO-FUD-2026-09-25-02","como-follow-up-desk"
"taskActivities","120001","create_event","como_next_work_file_events","","Create under the staged parent work file with provenance","","COMO-FUD-2026-09-25-02","como-follow-up-desk"
"taskActivities","120002","create_event","como_next_work_file_events","","Create under the staged parent work file with provenance","","COMO-FUD-2026-09-25-02","como-follow-up-desk"
"taskActivities","120003","create_event","como_next_work_file_events","","Create under the staged parent work file with provenance","","COMO-FUD-2026-09-25-02","como-follow-up-desk"
"taskActivities","120004","create_event","como_next_work_file_events","","Create under the staged parent work file with provenance","","COMO-FUD-2026-09-25-02","como-follow-up-desk"
"taskActivities","120005","create_event","como_next_work_file_events","","Create under the staged parent work file with provenance","","COMO-FUD-2026-09-25-02","como-follow-up-desk"
"taskActivities","120006","create_event","como_next_work_file_events","","Create under the staged parent work file with provenance","","COMO-FUD-2026-09-25-02","como-follow-up-desk"
"taskActivities","150001","create_event","como_next_work_file_events","","Create under the staged parent work file with provenance","","COMO-FUD-2026-09-25-02","como-follow-up-desk"
"taskActivities","150002","create_event","como_next_work_file_events","","Create under the staged parent work file with provenance","","COMO-FUD-2026-09-25-02","como-follow-up-desk"
"taskActivities","180001","create_event","como_next_work_file_events","","Create under the staged parent work file with provenance","","COMO-FUD-2026-09-25-02","como-follow-up-desk"
"taskActivities","210001","create_event","como_next_work_file_events","","Create under the staged parent work file with provenance","","COMO-FUD-2026-09-25-02","como-follow-up-desk"
"taskActivities","210002","create_event","como_next_work_file_events","","Create under the staged parent work file with provenance","","COMO-FUD-2026-09-25-02","como-follow-up-desk"
"taskActivities","210003","create_event","como_next_work_file_events","","Create under the staged parent work file with provenance","","COMO-FUD-2026-09-25-02","como-follow-up-desk"
"taskActivities","210004","create_event","como_next_work_file_events","","Create under the staged parent work file with provenance","","COMO-FUD-2026-09-25-02","como-follow-up-desk"
"taskActivities","240001","create_event","como_next_work_file_events","","Create under the staged parent work file with provenance","","COMO-FUD-2026-09-25-02","como-follow-up-desk"
"taskActivities","270001","create_event","como_next_work_file_events","","Create under the staged parent work file with provenance","","COMO-FUD-2026-09-25-02","como-follow-up-desk"
"taskActivities","300001","create_event","como_next_work_file_events","","Create under the staged parent work file with provenance","","COMO-FUD-2026-09-25-02","como-follow-up-desk"
"taskActivities","330001","create_event","como_next_work_file_events","","Create under the staged parent work file with provenance","","COMO-FUD-2026-09-25-02","como-follow-up-desk"
"taskActivities","330002","create_event","como_next_work_file_events","","Create under the staged parent work file with provenance","","COMO-FUD-2026-09-25-02","como-follow-up-desk"
"taskActivities","330003","create_event","como_next_work_file_events","","Create under the staged parent work file with provenance","","COMO-FUD-2026-09-25-02","como-follow-up-desk"
"taskActivities","330004","create_event","como_next_work_file_events","","Create under the staged parent work file with provenance","","COMO-FUD-2026-09-25-02","como-follow-up-desk"
"taskActivities","330005","create_event","como_next_work_file_events","","Create under the staged parent work file with provenance","","COMO-FUD-2026-09-25-02","como-follow-up-desk"
"taskActivities","360001","create_event","como_next_work_file_events","","Create under the staged parent work file with provenance","","COMO-FUD-2026-09-25-02","como-follow-up-desk"
"taskActivities","360002","create_event","como_next_work_file_events","","Create under the staged parent work file with provenance","","COMO-FUD-2026-09-25-02","como-follow-up-desk"
"taskActivities","360003","create_event","como_next_work_file_events","","Create under the staged parent work file with provenance","","COMO-FUD-2026-09-25-02","como-follow-up-desk"
"taskActivities","360004","create_event","como_next_work_file_events","","Create under the staged parent work file with provenance","","COMO-FUD-2026-09-25-02","como-follow-up-desk"
"taskActivities","360005","create_event","como_next_work_file_events","","Create under the staged parent work file with provenance","","COMO-FUD-2026-09-25-02","como-follow-up-desk"
"taskActivities","390001","create_event","como_next_work_file_events","","Create under the staged parent work file with provenance","","COMO-FUD-2026-09-25-02","como-follow-up-desk"
"taskActivities","390002","create_event","como_next_work_file_events","","Create under the staged parent work file with provenance","","COMO-FUD-2026-09-25-02","como-follow-up-desk"
"taskActivities","390003","create_event","como_next_work_file_events","","Create under the staged parent work file with provenance","","COMO-FUD-2026-09-25-02","como-follow-up-desk"
"taskActivities","390004","create_event","como_next_work_file_events","","Create under the staged parent work file with provenance","","COMO-FUD-2026-09-25-02","como-follow-up-desk"
"taskActivities","390005","create_event","como_next_work_file_events","","Create under the staged parent work file with provenance","","COMO-FUD-2026-09-25-02","como-follow-up-desk"
"taskActivities","420001","skip_reference","como_next_work_file_events","","Skip with the temporarily excluded parent project","","COMO-FUD-2026-09-25-02","como-follow-up-desk"
"taskActivities","450001","skip_reference","como_next_work_file_events","","Skip with the temporarily excluded parent project","","COMO-FUD-2026-09-25-02","como-follow-up-desk"
"taskActivities","450002","skip_reference","como_next_work_file_events","","Skip with the temporarily excluded parent project","","COMO-FUD-2026-09-25-02","como-follow-up-desk"
"taskActivities","450003","skip_reference","como_next_work_file_events","","Skip with the temporarily excluded parent project","","COMO-FUD-2026-09-25-02","como-follow-up-desk"
"taskActivities","450004","skip_reference","como_next_work_file_events","","Skip with the temporarily excluded parent project","","COMO-FUD-2026-09-25-02","como-follow-up-desk"
"taskActivities","480001","create_event","como_next_work_file_events","","Create under the staged parent work file with provenance","","COMO-FUD-2026-09-25-02","como-follow-up-desk"
"taskActivities","480002","create_event","como_next_work_file_events","","Create under the staged parent work file with provenance","","COMO-FUD-2026-09-25-02","como-follow-up-desk"
"taskActivities","480003","create_event","como_next_work_file_events","","Create under the staged parent work file with provenance","","COMO-FUD-2026-09-25-02","como-follow-up-desk"
"taskActivities","480004","create_event","como_next_work_file_events","","Create under the staged parent work file with provenance","","COMO-FUD-2026-09-25-02","como-follow-up-desk"
"taskActivities","480005","create_event","como_next_work_file_events","","Create under the staged parent work file with provenance","","COMO-FUD-2026-09-25-02","como-follow-up-desk"
"taskActivities","480006","create_event","como_next_work_file_events","","Create under the staged parent work file with provenance","","COMO-FUD-2026-09-25-02","como-follow-up-desk"
"taskActivities","480007","create_event","como_next_work_file_events","","Create under the staged parent work file with provenance","","COMO-FUD-2026-09-25-02","como-follow-up-desk"
"taskActivities","480008","create_event","como_next_work_file_events","","Create under the staged parent work file with provenance","","COMO-FUD-2026-09-25-02","como-follow-up-desk"
"taskActivities","480009","create_event","como_next_work_file_events","","Create under the staged parent work file with provenance","","COMO-FUD-2026-09-25-02","como-follow-up-desk"
"taskActivities","480010","create_event","como_next_work_file_events","","Create under the staged parent work file with provenance","","COMO-FUD-2026-09-25-02","como-follow-up-desk"
"taskActivities","480011","create_event","como_next_work_file_events","","Create under the staged parent work file with provenance","","COMO-FUD-2026-09-25-02","como-follow-up-desk"
"taskActivities","480012","create_event","como_next_work_file_events","","Create under the staged parent work file with provenance","","COMO-FUD-2026-09-25-02","como-follow-up-desk"
"taskActivities","510001","create_event","como_next_work_file_events","","Create under the staged parent work file with provenance","","COMO-FUD-2026-09-25-02","como-follow-up-desk"
"taskActivities","510002","create_event","como_next_work_file_events","","Create under the staged parent work file with provenance","","COMO-FUD-2026-09-25-02","como-follow-up-desk"
"taskActivities","510003","create_event","como_next_work_file_events","","Create under the staged parent work file with provenance","","COMO-FUD-2026-09-25-02","como-follow-up-desk"
"taskActivities","510004","create_event","como_next_work_file_events","","Create under the staged parent work file with provenance","","COMO-FUD-2026-09-25-02","como-follow-up-desk"
"taskActivities","510005","create_event","como_next_work_file_events","","Create under the staged parent work file with provenance","","COMO-FUD-2026-09-25-02","como-follow-up-desk"
"taskActivities","540001","create_event","como_next_work_file_events","","Create under the staged parent work file with provenance","","COMO-FUD-2026-09-25-02","como-follow-up-desk"
"taskActivities","540002","create_event","como_next_work_file_events","","Create under the staged parent work file with provenance","","COMO-FUD-2026-09-25-02","como-follow-up-desk"
"taskActivities","570001","create_event","como_next_work_file_events","","Create under the staged parent work file with provenance","","COMO-FUD-2026-09-25-02","como-follow-up-desk"
"taskActivities","600001","create_event","como_next_work_file_events","","Create under the staged parent work file with provenance","","COMO-FUD-2026-09-25-02","como-follow-up-desk"
"taskActivities","600002","create_event","como_next_work_file_events","","Create under the staged parent work file with provenance","","COMO-FUD-2026-09-25-02","como-follow-up-desk"
"taskActivities","630001","create_event","como_next_work_file_events","","Create under the staged parent work file with provenance","","COMO-FUD-2026-09-25-02","como-follow-up-desk"
"taskActivities","630002","create_event","como_next_work_file_events","","Create under the staged parent work file with provenance","","COMO-FUD-2026-09-25-02","como-follow-up-desk"
"taskActivities","630003","create_event","como_next_work_file_events","","Create under the staged parent work file with provenance","","COMO-FUD-2026-09-25-02","como-follow-up-desk"
"taskActivities","660001","create_event","como_next_work_file_events","","Create under the staged parent work file with provenance","","COMO-FUD-2026-09-25-02","como-follow-up-desk"
"taskActivities","660002","create_event","como_next_work_file_events","","Create under the staged parent work file with provenance","","COMO-FUD-2026-09-25-02","como-follow-up-desk"
"taskActivities","660003","create_event","como_next_work_file_events","","Create under the staged parent work file with provenance","","COMO-FUD-2026-09-25-02","como-follow-up-desk"
"taskActivities","660004","create_event","como_next_work_file_events","","Create under the staged parent work file with provenance","","COMO-FUD-2026-09-25-02","como-follow-up-desk"
"taskActivities","660005","create_event","como_next_work_file_events","","Create under the staged parent work file with provenance","","COMO-FUD-2026-09-25-02","como-follow-up-desk"
"taskActivities","660006","create_event","como_next_work_file_events","","Create under the staged parent work file with provenance","","COMO-FUD-2026-09-25-02","como-follow-up-desk"
"taskActivities","660007","create_event","como_next_work_file_events","","Create under the staged parent work file with provenance","","COMO-FUD-2026-09-25-02","como-follow-up-desk"
"taskActivities","660008","create_event","como_next_work_file_events","","Create under the staged parent work file with provenance","","COMO-FUD-2026-09-25-02","como-follow-up-desk"
"taskActivities","660009","create_event","como_next_work_file_events","","Create under the staged parent work file with provenance","","COMO-FUD-2026-09-25-02","como-follow-up-desk"
"taskActivities","660010","create_event","como_next_work_file_events","","Create under the staged parent work file with provenance","","COMO-FUD-2026-09-25-02","como-follow-up-desk"
"taskActivities","660011","create_event","como_next_work_file_events","","Create under the staged parent work file with provenance","","COMO-FUD-2026-09-25-02","como-follow-up-desk"
"taskActivities","690001","create_event","como_next_work_file_events","","Create under the staged parent work file with provenance","","COMO-FUD-2026-09-25-02","como-follow-up-desk"
"taskActivities","690002","create_event","como_next_work_file_events","","Create under the staged parent work file with provenance","","COMO-FUD-2026-09-25-02","como-follow-up-desk"
"taskActivities","690003","create_event","como_next_work_file_events","","Create under the staged parent work file with provenance","","COMO-FUD-2026-09-25-02","como-follow-up-desk"
"taskActivities","690004","create_event","como_next_work_file_events","","Create under the staged parent work file with provenance","","COMO-FUD-2026-09-25-02","como-follow-up-desk"
"taskActivities","690005","create_event","como_next_work_file_events","","Create under the staged parent work file with provenance","","COMO-FUD-2026-09-25-02","como-follow-up-desk"
"taskActivities","690006","create_event","como_next_work_file_events","","Create under the staged parent work file with provenance","","COMO-FUD-2026-09-25-02","como-follow-up-desk"
"taskActivities","690007","create_event","como_next_work_file_events","","Create under the staged parent work file with provenance","","COMO-FUD-2026-09-25-02","como-follow-up-desk"
"taskActivities","690008","create_event","como_next_work_file_events","","Create under the staged parent work file with provenance","","COMO-FUD-2026-09-25-02","como-follow-up-desk"
"taskActivities","690009","create_event","como_next_work_file_events","","Create under the staged parent work file with provenance","","COMO-FUD-2026-09-25-02","como-follow-up-desk"
"taskActivities","690010","create_event","como_next_work_file_events","","Create under the staged parent work file with provenance","","COMO-FUD-2026-09-25-02","como-follow-up-desk"
"taskActivities","720001","create_event","como_next_work_file_events","","Create under the staged parent work file with provenance","","COMO-FUD-2026-09-25-02","como-follow-up-desk"
"taskActivities","720002","create_event","como_next_work_file_events","","Create under the staged parent work file with provenance","","COMO-FUD-2026-09-25-02","como-follow-up-desk"
"taskActivities","720003","create_event","como_next_work_file_events","","Create under the staged parent work file with provenance","","COMO-FUD-2026-09-25-02","como-follow-up-desk"
"taskActivities","720004","create_event","como_next_work_file_events","","Create under the staged parent work file with provenance","","COMO-FUD-2026-09-25-02","como-follow-up-desk"
"taskActivities","720005","create_event","como_next_work_file_events","","Create under the staged parent work file with provenance","","COMO-FUD-2026-09-25-02","como-follow-up-desk"
"taskActivities","750001","create_event","como_next_work_file_events","","Create under the staged parent work file with provenance","","COMO-FUD-2026-09-25-02","como-follow-up-desk"
"taskActivities","750002","create_event","como_next_work_file_events","","Create under the staged parent work file with provenance","","COMO-FUD-2026-09-25-02","como-follow-up-desk"
"taskActivities","750003","create_event","como_next_work_file_events","","Create under the staged parent work file with provenance","","COMO-FUD-2026-09-25-02","como-follow-up-desk"
"taskActivities","750004","create_event","como_next_work_file_events","","Create under the staged parent work file with provenance","","COMO-FUD-2026-09-25-02","como-follow-up-desk"
"taskActivities","750005","create_event","como_next_work_file_events","","Create under the staged parent work file with provenance","","COMO-FUD-2026-09-25-02","como-follow-up-desk"
"taskActivities","750006","create_event","como_next_work_file_events","","Create under the staged parent work file with provenance","","COMO-FUD-2026-09-25-02","como-follow-up-desk"
"taskActivities","780001","create_event","como_next_work_file_events","","Create under the staged parent work file with provenance","","COMO-FUD-2026-09-25-02","como-follow-up-desk"
"taskActivities","780002","create_event","como_next_work_file_events","","Create under the staged parent work file with provenance","","COMO-FUD-2026-09-25-02","como-follow-up-desk"
"taskActivities","780003","create_event","como_next_work_file_events","","Create under the staged parent work file with provenance","","COMO-FUD-2026-09-25-02","como-follow-up-desk"
"taskActivities","780004","create_event","como_next_work_file_events","","Create under the staged parent work file with provenance","","COMO-FUD-2026-09-25-02","como-follow-up-desk"
"taskActivities","780005","create_event","como_next_work_file_events","","Create under the staged parent work file with provenance","","COMO-FUD-2026-09-25-02","como-follow-up-desk"
"taskActivities","780006","create_event","como_next_work_file_events","","Create under the staged parent work file with provenance","","COMO-FUD-2026-09-25-02","como-follow-up-desk"
"taskActivities","780007","create_event","como_next_work_file_events","","Create under the staged parent work file with provenance","","COMO-FUD-2026-09-25-02","como-follow-up-desk"
"taskActivities","810001","create_event","como_next_work_file_events","","Create under the staged parent work file with provenance","","COMO-FUD-2026-09-25-02","como-follow-up-desk"
"taskActivities","810002","create_event","como_next_work_file_events","","Create under the staged parent work file with provenance","","COMO-FUD-2026-09-25-02","como-follow-up-desk"
"taskActivities","810003","create_event","como_next_work_file_events","","Create under the staged parent work file with provenance","","COMO-FUD-2026-09-25-02","como-follow-up-desk"
"taskActivities","810004","create_event","como_next_work_file_events","","Create under the staged parent work file with provenance","","COMO-FUD-2026-09-25-02","como-follow-up-desk"
"taskActivities","810005","create_event","como_next_work_file_events","","Create under the staged parent work file with provenance","","COMO-FUD-2026-09-25-02","como-follow-up-desk"
"taskActivities","810006","create_event","como_next_work_file_events","","Create under the staged parent work file with provenance","","COMO-FUD-2026-09-25-02","como-follow-up-desk"
"taskActivities","810007","create_event","como_next_work_file_events","","Create under the staged parent work file with provenance","","COMO-FUD-2026-09-25-02","como-follow-up-desk"
"taskActivities","840001","create_event","como_next_work_file_events","","Create under the staged parent work file with provenance","","COMO-FUD-2026-09-25-02","como-follow-up-desk"
"taskActivities","840002","create_event","como_next_work_file_events","","Create under the staged parent work file with provenance","","COMO-FUD-2026-09-25-02","como-follow-up-desk"
"taskActivities","840003","create_event","como_next_work_file_events","","Create under the staged parent work file with provenance","","COMO-FUD-2026-09-25-02","como-follow-up-desk"
"taskActivities","840004","create_event","como_next_work_file_events","","Create under the staged parent work file with provenance","","COMO-FUD-2026-09-25-02","como-follow-up-desk"
"taskActivities","870001","create_event","como_next_work_file_events","","Create under the staged parent work file with provenance","","COMO-FUD-2026-09-25-02","como-follow-up-desk"
"taskActivities","900001","create_event","como_next_work_file_events","","Create under the staged parent work file with provenance","","COMO-FUD-2026-09-25-02","como-follow-up-desk"
"taskActivities","900002","create_event","como_next_work_file_events","","Create under the staged parent work file with provenance","","COMO-FUD-2026-09-25-02","como-follow-up-desk"
"taskActivities","900003","create_event","como_next_work_file_events","","Create under the staged parent work file with provenance","","COMO-FUD-2026-09-25-02","como-follow-up-desk"
"taskActivities","900004","create_event","como_next_work_file_events","","Create under the staged parent work file with provenance","","COMO-FUD-2026-09-25-02","como-follow-up-desk"
"taskActivities","900005","create_event","como_next_work_file_events","","Create under the staged parent work file with provenance","","COMO-FUD-2026-09-25-02","como-follow-up-desk"
"taskActivities","900006","create_event","como_next_work_file_events","","Create under the staged parent work file with provenance","","COMO-FUD-2026-09-25-02","como-follow-up-desk"
"taskActivities","900007","create_event","como_next_work_file_events","","Create under the staged parent work file with provenance","","COMO-FUD-2026-09-25-02","como-follow-up-desk"
"taskActivities","930001","create_event","como_next_work_file_events","","Create under the staged parent work file with provenance","","COMO-FUD-2026-09-25-02","como-follow-up-desk"
"taskActivities","930002","create_event","como_next_work_file_events","","Create under the staged parent work file with provenance","","COMO-FUD-2026-09-25-02","como-follow-up-desk"
"taskActivities","930003","create_event","como_next_work_file_events","","Create under the staged parent work file with provenance","","COMO-FUD-2026-09-25-02","como-follow-up-desk"
"taskActivities","930004","create_event","como_next_work_file_events","","Create under the staged parent work file with provenance","","COMO-FUD-2026-09-25-02","como-follow-up-desk"
"taskActivities","960001","create_event","como_next_work_file_events","","Create under the staged parent work file with provenance","","COMO-FUD-2026-09-25-02","como-follow-up-desk"
"taskActivities","960002","create_event","como_next_work_file_events","","Create under the staged parent work file with provenance","","COMO-FUD-2026-09-25-02","como-follow-up-desk"
"taskActivities","960003","create_event","como_next_work_file_events","","Create under the staged parent work file with provenance","","COMO-FUD-2026-09-25-02","como-follow-up-desk"
"taskActivities","960004","create_event","como_next_work_file_events","","Create under the staged parent work file with provenance","","COMO-FUD-2026-09-25-02","como-follow-up-desk"
"taskActivities","960005","create_event","como_next_work_file_events","","Create under the staged parent work file with provenance","","COMO-FUD-2026-09-25-02","como-follow-up-desk"
"taskActivities","960006","create_event","como_next_work_file_events","","Create under the staged parent work file with provenance","","COMO-FUD-2026-09-25-02","como-follow-up-desk"
"taskActivities","960007","create_event","como_next_work_file_events","","Create under the staged parent work file with provenance","","COMO-FUD-2026-09-25-02","como-follow-up-desk"
"taskActivities","990001","create_event","como_next_work_file_events","","Create under the staged parent work file with provenance","","COMO-FUD-2026-09-25-02","como-follow-up-desk"
"taskActivities","990002","create_event","como_next_work_file_events","","Create under the staged parent work file with provenance","","COMO-FUD-2026-09-25-02","como-follow-up-desk"
"taskActivities","990003","create_event","como_next_work_file_events","","Create under the staged parent work file with provenance","","COMO-FUD-2026-09-25-02","como-follow-up-desk"
"taskActivities","1020001","create_event","como_next_work_file_events","","Create under the staged parent work file with provenance","","COMO-FUD-2026-09-25-02","como-follow-up-desk"
"taskActivities","1020002","create_event","como_next_work_file_events","","Create under the staged parent work file with provenance","","COMO-FUD-2026-09-25-02","como-follow-up-desk"
"taskActivities","1020003","create_event","como_next_work_file_events","","Create under the staged parent work file with provenance","","COMO-FUD-2026-09-25-02","como-follow-up-desk"
"taskActivities","1020004","create_event","como_next_work_file_events","","Create under the staged parent work file with provenance","","COMO-FUD-2026-09-25-02","como-follow-up-desk"
"taskActivities","1020005","create_event","como_next_work_file_events","","Create under the staged parent work file with provenance","","COMO-FUD-2026-09-25-02","como-follow-up-desk"
"taskActivities","1020006","create_event","como_next_work_file_events","","Create under the staged parent work file with provenance","","COMO-FUD-2026-09-25-02","como-follow-up-desk"
"taskActivities","1020007","create_event","como_next_work_file_events","","Create under the staged parent work file with provenance","","COMO-FUD-2026-09-25-02","como-follow-up-desk"
"taskActivities","1020008","create_event","como_next_work_file_events","","Create under the staged parent work file with provenance","","COMO-FUD-2026-09-25-02","como-follow-up-desk"
"taskActivities","1020009","create_event","como_next_work_file_events","","Create under the staged parent work file with provenance","","COMO-FUD-2026-09-25-02","como-follow-up-desk"
"taskActivities","1020010","create_event","como_next_work_file_events","","Create under the staged parent work file with provenance","","COMO-FUD-2026-09-25-02","como-follow-up-desk"
"taskActivities","1020011","create_event","como_next_work_file_events","","Create under the staged parent work file with provenance","","COMO-FUD-2026-09-25-02","como-follow-up-desk"
"taskActivities","1020012","create_event","como_next_work_file_events","","Create under the staged parent work file with provenance","","COMO-FUD-2026-09-25-02","como-follow-up-desk"
"taskActivities","1020013","create_event","como_next_work_file_events","","Create under the staged parent work file with provenance","","COMO-FUD-2026-09-25-02","como-follow-up-desk"
"taskActivities","1020014","create_event","como_next_work_file_events","","Create under the staged parent work file with provenance","","COMO-FUD-2026-09-25-02","como-follow-up-desk"
"taskActivities","1020015","create_event","como_next_work_file_events","","Create under the staged parent work file with provenance","","COMO-FUD-2026-09-25-02","como-follow-up-desk"
"taskActivities","1050001","create_event","como_next_work_file_events","","Create under the staged parent work file with provenance","","COMO-FUD-2026-09-25-02","como-follow-up-desk"
"taskActivities","1050002","create_event","como_next_work_file_events","","Create under the staged parent work file with provenance","","COMO-FUD-2026-09-25-02","como-follow-up-desk"
"taskActivities","1050003","create_event","como_next_work_file_events","","Create under the staged parent work file with provenance","","COMO-FUD-2026-09-25-02","como-follow-up-desk"
"taskActivities","1050004","create_event","como_next_work_file_events","","Create under the staged parent work file with provenance","","COMO-FUD-2026-09-25-02","como-follow-up-desk"
"taskActivities","1050005","create_event","como_next_work_file_events","","Create under the staged parent work file with provenance","","COMO-FUD-2026-09-25-02","como-follow-up-desk"
"taskActivities","1050006","create_event","como_next_work_file_events","","Create under the staged parent work file with provenance","","COMO-FUD-2026-09-25-02","como-follow-up-desk"
"taskActivities","1050007","create_event","como_next_work_file_events","","Create under the staged parent work file with provenance","","COMO-FUD-2026-09-25-02","como-follow-up-desk"
"taskActivities","1050008","create_event","como_next_work_file_events","","Create under the staged parent work file with provenance","","COMO-FUD-2026-09-25-02","como-follow-up-desk"
"taskActivities","1050009","create_event","como_next_work_file_events","","Create under the staged parent work file with provenance","","COMO-FUD-2026-09-25-02","como-follow-up-desk"
"taskActivities","1050010","create_event","como_next_work_file_events","","Create under the staged parent work file with provenance","","COMO-FUD-2026-09-25-02","como-follow-up-desk"
"taskActivities","1050011","create_event","como_next_work_file_events","","Create under the staged parent work file with provenance","","COMO-FUD-2026-09-25-02","como-follow-up-desk"
"taskActivities","1050012","create_event","como_next_work_file_events","","Create under the staged parent work file with provenance","","COMO-FUD-2026-09-25-02","como-follow-up-desk"
"taskActivities","1050013","create_event","como_next_work_file_events","","Create under the staged parent work file with provenance","","COMO-FUD-2026-09-25-02","como-follow-up-desk"
"taskActivities","1050014","create_event","como_next_work_file_events","","Create under the staged parent work file with provenance","","COMO-FUD-2026-09-25-02","como-follow-up-desk"
"taskActivities","1050015","create_event","como_next_work_file_events","","Create under the staged parent work file with provenance","","COMO-FUD-2026-09-25-02","como-follow-up-desk"
"taskActivities","1050016","create_event","como_next_work_file_events","","Create under the staged parent work file with provenance","","COMO-FUD-2026-09-25-02","como-follow-up-desk"
"taskActivities","1050017","create_event","como_next_work_file_events","","Create under the staged parent work file with provenance","","COMO-FUD-2026-09-25-02","como-follow-up-desk"
"taskActivities","1080001","create_event","como_next_work_file_events","","Create under the staged parent work file with provenance","","COMO-FUD-2026-09-25-02","como-follow-up-desk"
"taskActivities","1080002","create_event","como_next_work_file_events","","Create under the staged parent work file with provenance","","COMO-FUD-2026-09-25-02","como-follow-up-desk"
"taskActivities","1110001","create_event","como_next_work_file_events","","Create under the staged parent work file with provenance","","COMO-FUD-2026-09-25-02","como-follow-up-desk"
"taskActivities","1110002","create_event","como_next_work_file_events","","Create under the staged parent work file with provenance","","COMO-FUD-2026-09-25-02","como-follow-up-desk"
"taskActivities","1110003","create_event","como_next_work_file_events","","Create under the staged parent work file with provenance","","COMO-FUD-2026-09-25-02","como-follow-up-desk"
"taskActivities","1110004","create_event","como_next_work_file_events","","Create under the staged parent work file with provenance","","COMO-FUD-2026-09-25-02","como-follow-up-desk"
"taskActivities","1110005","create_event","como_next_work_file_events","","Create under the staged parent work file with provenance","","COMO-FUD-2026-09-25-02","como-follow-up-desk"
"taskActivities","1140001","create_event","como_next_work_file_events","","Create under the staged parent work file with provenance","","COMO-FUD-2026-09-25-02","como-follow-up-desk"
"taskActivities","1140002","create_event","como_next_work_file_events","","Create under the staged parent work file with provenance","","COMO-FUD-2026-09-25-02","como-follow-up-desk"
"taskActivities","1140003","create_event","como_next_work_file_events","","Create under the staged parent work file with provenance","","COMO-FUD-2026-09-25-02","como-follow-up-desk"
"taskActivities","1140004","create_event","como_next_work_file_events","","Create under the staged parent work file with provenance","","COMO-FUD-2026-09-25-02","como-follow-up-desk"
"taskActivities","1140005","create_event","como_next_work_file_events","","Create under the staged parent work file with provenance","","COMO-FUD-2026-09-25-02","como-follow-up-desk"
"taskActivities","1140006","create_event","como_next_work_file_events","","Create under the staged parent work file with provenance","","COMO-FUD-2026-09-25-02","como-follow-up-desk"
"taskActivities","1140007","create_event","como_next_work_file_events","","Create under the staged parent work file with provenance","","COMO-FUD-2026-09-25-02","como-follow-up-desk"
"taskActivities","1140008","create_event","como_next_work_file_events","","Create under the staged parent work file with provenance","","COMO-FUD-2026-09-25-02","como-follow-up-desk"
"taskActivities","1140009","create_event","como_next_work_file_events","","Create under the staged parent work file with provenance","","COMO-FUD-2026-09-25-02","como-follow-up-desk"
"taskActivities","1140010","create_event","como_next_work_file_events","","Create under the staged parent work file with provenance","","COMO-FUD-2026-09-25-02","como-follow-up-desk"
"taskActivities","1140011","create_event","como_next_work_file_events","","Create under the staged parent work file with provenance","","COMO-FUD-2026-09-25-02","como-follow-up-desk"
"taskActivities","1140012","create_event","como_next_work_file_events","","Create under the staged parent work file with provenance","","COMO-FUD-2026-09-25-02","como-follow-up-desk"
"taskActivities","1140013","create_event","como_next_work_file_events","","Create under the staged parent work file with provenance","","COMO-FUD-2026-09-25-02","como-follow-up-desk"
"taskActivities","1140014","create_event","como_next_work_file_events","","Create under the staged parent work file with provenance","","COMO-FUD-2026-09-25-02","como-follow-up-desk"
"taskActivities","1140015","create_event","como_next_work_file_events","","Create under the staged parent work file with provenance","","COMO-FUD-2026-09-25-02","como-follow-up-desk"
"taskActivities","1170001","create_event","como_next_work_file_events","","Create under the staged parent work file with provenance","","COMO-FUD-2026-09-25-02","como-follow-up-desk"
"taskActivities","1200001","create_event","como_next_work_file_events","","Create under the staged parent work file with provenance","","COMO-FUD-2026-09-25-02","como-follow-up-desk"
"taskActivities","1200002","create_event","como_next_work_file_events","","Create under the staged parent work file with provenance","","COMO-FUD-2026-09-25-02","como-follow-up-desk"
"taskActivities","1200003","create_event","como_next_work_file_events","","Create under the staged parent work file with provenance","","COMO-FUD-2026-09-25-02","como-follow-up-desk"
"taskActivities","1200004","create_event","como_next_work_file_events","","Create under the staged parent work file with provenance","","COMO-FUD-2026-09-25-02","como-follow-up-desk"
"taskActivities","1200005","create_event","como_next_work_file_events","","Create under the staged parent work file with provenance","","COMO-FUD-2026-09-25-02","como-follow-up-desk"
"taskActivities","1230001","create_event","como_next_work_file_events","","Create under the staged parent work file with provenance","","COMO-FUD-2026-09-25-02","como-follow-up-desk"
"taskActivities","1230002","create_event","como_next_work_file_events","","Create under the staged parent work file with provenance","","COMO-FUD-2026-09-25-02","como-follow-up-desk"
"taskActivities","1230003","create_event","como_next_work_file_events","","Create under the staged parent work file with provenance","","COMO-FUD-2026-09-25-02","como-follow-up-desk"
"taskActivities","1230004","create_event","como_next_work_file_events","","Create under the staged parent work file with provenance","","COMO-FUD-2026-09-25-02","como-follow-up-desk"
"taskActivities","1230005","create_event","como_next_work_file_events","","Create under the staged parent work file with provenance","","COMO-FUD-2026-09-25-02","como-follow-up-desk"
"taskActivities","1230006","create_event","como_next_work_file_events","","Create under the staged parent work file with provenance","","COMO-FUD-2026-09-25-02","como-follow-up-desk"
"taskActivities","1260001","create_event","como_next_work_file_events","","Create under the staged parent work file with provenance","","COMO-FUD-2026-09-25-02","como-follow-up-desk"
"taskActivities","1260002","create_event","como_next_work_file_events","","Create under the staged parent work file with provenance","","COMO-FUD-2026-09-25-02","como-follow-up-desk"
"taskActivities","1260003","create_event","como_next_work_file_events","","Create under the staged parent work file with provenance","","COMO-FUD-2026-09-25-02","como-follow-up-desk"
"taskActivities","1260004","create_event","como_next_work_file_events","","Create under the staged parent work file with provenance","","COMO-FUD-2026-09-25-02","como-follow-up-desk"
"taskActivities","1260005","create_event","como_next_work_file_events","","Create under the staged parent work file with provenance","","COMO-FUD-2026-09-25-02","como-follow-up-desk"
"taskActivities","1260006","create_event","como_next_work_file_events","","Create under the staged parent work file with provenance","","COMO-FUD-2026-09-25-02","como-follow-up-desk"
"taskActivities","1260007","create_event","como_next_work_file_events","","Create under the staged parent work file with provenance","","COMO-FUD-2026-09-25-02","como-follow-up-desk"
"taskActivities","1290001","create_event","como_next_work_file_events","","Create under the staged parent work file with provenance","","COMO-FUD-2026-09-25-02","como-follow-up-desk"
"taskActivities","1290002","create_event","como_next_work_file_events","","Create under the staged parent work file with provenance","","COMO-FUD-2026-09-25-02","como-follow-up-desk"
"taskActivities","1290003","create_event","como_next_work_file_events","","Create under the staged parent work file with provenance","","COMO-FUD-2026-09-25-02","como-follow-up-desk"
"taskActivities","1290004","create_event","como_next_work_file_events","","Create under the staged parent work file with provenance","","COMO-FUD-2026-09-25-02","como-follow-up-desk"
"taskActivities","1290005","create_event","como_next_work_file_events","","Create under the staged parent work file with provenance","","COMO-FUD-2026-09-25-02","como-follow-up-desk"
"taskActivities","1290006","create_event","como_next_work_file_events","","Create under the staged parent work file with provenance","","COMO-FUD-2026-09-25-02","como-follow-up-desk"
"taskActivities","1290007","create_event","como_next_work_file_events","","Create under the staged parent work file with provenance","","COMO-FUD-2026-09-25-02","como-follow-up-desk"
"taskActivities","1320001","create_event","como_next_work_file_events","","Create under the staged parent work file with provenance","","COMO-FUD-2026-09-25-02","como-follow-up-desk"
"taskActivities","1320002","create_event","como_next_work_file_events","","Create under the staged parent work file with provenance","","COMO-FUD-2026-09-25-02","como-follow-up-desk"
"taskActivities","1320003","create_event","como_next_work_file_events","","Create under the staged parent work file with provenance","","COMO-FUD-2026-09-25-02","como-follow-up-desk"
"taskActivities","1320004","create_event","como_next_work_file_events","","Create under the staged parent work file with provenance","","COMO-FUD-2026-09-25-02","como-follow-up-desk"
"taskActivities","1320005","create_event","como_next_work_file_events","","Create under the staged parent work file with provenance","","COMO-FUD-2026-09-25-02","como-follow-up-desk"
"taskActivities","1320006","create_event","como_next_work_file_events","","Create under the staged parent work file with provenance","","COMO-FUD-2026-09-25-02","como-follow-up-desk"
"taskActivities","1320007","create_event","como_next_work_file_events","","Create under the staged parent work file with provenance","","COMO-FUD-2026-09-25-02","como-follow-up-desk"
"taskActivities","1320008","create_event","como_next_work_file_events","","Create under the staged parent work file with provenance","","COMO-FUD-2026-09-25-02","como-follow-up-desk"
"taskActivities","1320009","create_event","como_next_work_file_events","","Create under the staged parent work file with provenance","","COMO-FUD-2026-09-25-02","como-follow-up-desk"
"taskActivities","1320010","create_event","como_next_work_file_events","","Create under the staged parent work file with provenance","","COMO-FUD-2026-09-25-02","como-follow-up-desk"
"taskActivities","1320011","create_event","como_next_work_file_events","","Create under the staged parent work file with provenance","","COMO-FUD-2026-09-25-02","como-follow-up-desk"
"taskActivities","1320012","create_event","como_next_work_file_events","","Create under the staged parent work file with provenance","","COMO-FUD-2026-09-25-02","como-follow-up-desk"
"taskActivities","1320013","create_event","como_next_work_file_events","","Create under the staged parent work file with provenance","","COMO-FUD-2026-09-25-02","como-follow-up-desk"
"taskActivities","1350001","create_event","como_next_work_file_events","","Create under the staged parent work file with provenance","","COMO-FUD-2026-09-25-02","como-follow-up-desk"
"taskActivities","1350002","create_event","como_next_work_file_events","","Create under the staged parent work file with provenance","","COMO-FUD-2026-09-25-02","como-follow-up-desk"
"taskActivities","1380001","create_event","como_next_work_file_events","","Create under the staged parent work file with provenance","","COMO-FUD-2026-09-25-02","como-follow-up-desk"
"taskActivities","1380002","create_event","como_next_work_file_events","","Create under the staged parent work file with provenance","","COMO-FUD-2026-09-25-02","como-follow-up-desk"
"taskActivities","1380003","create_event","como_next_work_file_events","","Create under the staged parent work file with provenance","","COMO-FUD-2026-09-25-02","como-follow-up-desk"
"taskActivities","1380004","create_event","como_next_work_file_events","","Create under the staged parent work file with provenance","","COMO-FUD-2026-09-25-02","como-follow-up-desk"
"taskActivities","1380005","create_event","como_next_work_file_events","","Create under the staged parent work file with provenance","","COMO-FUD-2026-09-25-02","como-follow-up-desk"
"taskActivities","1380006","create_event","como_next_work_file_events","","Create under the staged parent work file with provenance","","COMO-FUD-2026-09-25-02","como-follow-up-desk"
"taskActivities","1380007","create_event","como_next_work_file_events","","Create under the staged parent work file with provenance","","COMO-FUD-2026-09-25-02","como-follow-up-desk"
"taskActivities","1380008","create_event","como_next_work_file_events","","Create under the staged parent work file with provenance","","COMO-FUD-2026-09-25-02","como-follow-up-desk"
"taskActivities","1380009","create_event","como_next_work_file_events","","Create under the staged parent work file with provenance","","COMO-FUD-2026-09-25-02","como-follow-up-desk"
"taskActivities","1380010","create_event","como_next_work_file_events","","Create under the staged parent work file with provenance","","COMO-FUD-2026-09-25-02","como-follow-up-desk"
"taskActivities","1410001","create_event","como_next_work_file_events","","Create under the staged parent work file with provenance","","COMO-FUD-2026-09-25-02","como-follow-up-desk"
"taskActivities","1440001","create_event","como_next_work_file_events","","Create under the staged parent work file with provenance","","COMO-FUD-2026-09-25-02","como-follow-up-desk"
"taskActivities","1440002","create_event","como_next_work_file_events","","Create under the staged parent work file with provenance","","COMO-FUD-2026-09-25-02","como-follow-up-desk"
"taskActivities","1440003","create_event","como_next_work_file_events","","Create under the staged parent work file with provenance","","COMO-FUD-2026-09-25-02","como-follow-up-desk"
"taskActivities","1440004","create_event","como_next_work_file_events","","Create under the staged parent work file with provenance","","COMO-FUD-2026-09-25-02","como-follow-up-desk"
"taskActivities","1470001","create_event","como_next_work_file_events","","Create under the staged parent work file with provenance","","COMO-FUD-2026-09-25-02","como-follow-up-desk"
"taskActivities","1500001","create_event","como_next_work_file_events","","Create under the staged parent work file with provenance","","COMO-FUD-2026-09-25-02","como-follow-up-desk"
"taskActivities","1500002","create_event","como_next_work_file_events","","Create under the staged parent work file with provenance","","COMO-FUD-2026-09-25-02","como-follow-up-desk"
"taskActivities","1500003","create_event","como_next_work_file_events","","Create under the staged parent work file with provenance","","COMO-FUD-2026-09-25-02","como-follow-up-desk"
"taskActivities","1500004","create_event","como_next_work_file_events","","Create under the staged parent work file with provenance","","COMO-FUD-2026-09-25-02","como-follow-up-desk"
"taskActivities","1500005","create_event","como_next_work_file_events","","Create under the staged parent work file with provenance","","COMO-FUD-2026-09-25-02","como-follow-up-desk"
"taskActivities","1500006","create_event","como_next_work_file_events","","Create under the staged parent work file with provenance","","COMO-FUD-2026-09-25-02","como-follow-up-desk"
"taskActivities","1500007","create_event","como_next_work_file_events","","Create under the staged parent work file with provenance","","COMO-FUD-2026-09-25-02","como-follow-up-desk"
"taskActivities","1500008","create_event","como_next_work_file_events","","Create under the staged parent work file with provenance","","COMO-FUD-2026-09-25-02","como-follow-up-desk"
"taskActivities","1500009","create_event","como_next_work_file_events","","Create under the staged parent work file with provenance","","COMO-FUD-2026-09-25-02","como-follow-up-desk"
"taskActivities","1500010","create_event","como_next_work_file_events","","Create under the staged parent work file with provenance","","COMO-FUD-2026-09-25-02","como-follow-up-desk"
"taskActivities","1500011","create_event","como_next_work_file_events","","Create under the staged parent work file with provenance","","COMO-FUD-2026-09-25-02","como-follow-up-desk"
"taskActivities","1530001","create_event","como_next_work_file_events","","Create under the staged parent work file with provenance","","COMO-FUD-2026-09-25-02","como-follow-up-desk"
"taskActivities","1530002","create_event","como_next_work_file_events","","Create under the staged parent work file with provenance","","COMO-FUD-2026-09-25-02","como-follow-up-desk"
"taskActivities","1530003","create_event","como_next_work_file_events","","Create under the staged parent work file with provenance","","COMO-FUD-2026-09-25-02","como-follow-up-desk"
"taskActivities","1530004","create_event","como_next_work_file_events","","Create under the staged parent work file with provenance","","COMO-FUD-2026-09-25-02","como-follow-up-desk"
"taskActivities","1530005","create_event","como_next_work_file_events","","Create under the staged parent work file with provenance","","COMO-FUD-2026-09-25-02","como-follow-up-desk"
"taskActivities","1560001","create_event","como_next_work_file_events","","Create under the staged parent work file with provenance","","COMO-FUD-2026-09-25-02","como-follow-up-desk"
"taskActivities","1560002","create_event","como_next_work_file_events","","Create under the staged parent work file with provenance","","COMO-FUD-2026-09-25-02","como-follow-up-desk"
"taskActivities","1560003","create_event","como_next_work_file_events","","Create under the staged parent work file with provenance","","COMO-FUD-2026-09-25-02","como-follow-up-desk"
"taskActivities","1560004","create_event","como_next_work_file_events","","Create under the staged parent work file with provenance","","COMO-FUD-2026-09-25-02","como-follow-up-desk"
"taskActivities","1560005","create_event","como_next_work_file_events","","Create under the staged parent work file with provenance","","COMO-FUD-2026-09-25-02","como-follow-up-desk"
"taskActivities","1560006","create_event","como_next_work_file_events","","Create under the staged parent work file with provenance","","COMO-FUD-2026-09-25-02","como-follow-up-desk"
"taskActivities","1590001","create_event","como_next_work_file_events","","Create under the staged parent work file with provenance","","COMO-FUD-2026-09-25-02","como-follow-up-desk"
"taskActivities","1590002","create_event","como_next_work_file_events","","Create under the staged parent work file with provenance","","COMO-FUD-2026-09-25-02","como-follow-up-desk"
"taskActivities","1590003","create_event","como_next_work_file_events","","Create under the staged parent work file with provenance","","COMO-FUD-2026-09-25-02","como-follow-up-desk"
"taskActivities","1620001","create_event","como_next_work_file_events","","Create under the staged parent work file with provenance","","COMO-FUD-2026-09-25-02","como-follow-up-desk"
"taskActivities","1620002","create_event","como_next_work_file_events","","Create under the staged parent work file with provenance","","COMO-FUD-2026-09-25-02","como-follow-up-desk"
"taskActivities","1620003","create_event","como_next_work_file_events","","Create under the staged parent work file with provenance","","COMO-FUD-2026-09-25-02","como-follow-up-desk"
"taskActivities","1620004","create_event","como_next_work_file_events","","Create under the staged parent work file with provenance","","COMO-FUD-2026-09-25-02","como-follow-up-desk"
"taskActivities","1620005","create_event","como_next_work_file_events","","Create under the staged parent work file with provenance","","COMO-FUD-2026-09-25-02","como-follow-up-desk"
"taskActivities","1650001","create_event","como_next_work_file_events","","Create under the staged parent work file with provenance","","COMO-FUD-2026-09-25-02","como-follow-up-desk"
"taskActivities","1680001","create_event","como_next_work_file_events","","Create under the staged parent work file with provenance","","COMO-FUD-2026-09-25-02","como-follow-up-desk"
"taskActivities","1680002","create_event","como_next_work_file_events","","Create under the staged parent work file with provenance","","COMO-FUD-2026-09-25-02","como-follow-up-desk"
"taskActivities","1680003","create_event","como_next_work_file_events","","Create under the staged parent work file with provenance","","COMO-FUD-2026-09-25-02","como-follow-up-desk"
"taskActivities","1680004","create_event","como_next_work_file_events","","Create under the staged parent work file with provenance","","COMO-FUD-2026-09-25-02","como-follow-up-desk"
"taskActivities","1680005","create_event","como_next_work_file_events","","Create under the staged parent work file with provenance","","COMO-FUD-2026-09-25-02","como-follow-up-desk"
"taskActivities","1680006","create_event","como_next_work_file_events","","Create under the staged parent work file with provenance","","COMO-FUD-2026-09-25-02","como-follow-up-desk"
"taskActivities","1680007","create_event","como_next_work_file_events","","Create under the staged parent work file with provenance","","COMO-FUD-2026-09-25-02","como-follow-up-desk"
"taskActivities","1680008","create_event","como_next_work_file_events","","Create under the staged parent work file with provenance","","COMO-FUD-2026-09-25-02","como-follow-up-desk"
"taskActivities","1680009","create_event","como_next_work_file_events","","Create under the staged parent work file with provenance","","COMO-FUD-2026-09-25-02","como-follow-up-desk"
"taskActivities","1680010","create_event","como_next_work_file_events","","Create under the staged parent work file with provenance","","COMO-FUD-2026-09-25-02","como-follow-up-desk"
"taskActivities","1680011","create_event","como_next_work_file_events","","Create under the staged parent work file with provenance","","COMO-FUD-2026-09-25-02","como-follow-up-desk"
"taskActivities","1680012","create_event","como_next_work_file_events","","Create under the staged parent work file with provenance","","COMO-FUD-2026-09-25-02","como-follow-up-desk"
"taskActivities","1680013","create_event","como_next_work_file_events","","Create under the staged parent work file with provenance","","COMO-FUD-2026-09-25-02","como-follow-up-desk"
"taskActivities","1680014","create_event","como_next_work_file_events","","Create under the staged parent work file with provenance","","COMO-FUD-2026-09-25-02","como-follow-up-desk"
"taskActivities","1680015","create_event","como_next_work_file_events","","Create under the staged parent work file with provenance","","COMO-FUD-2026-09-25-02","como-follow-up-desk"
"taskActivities","1710001","create_event","como_next_work_file_events","","Create under the staged parent work file with provenance","","COMO-FUD-2026-09-25-02","como-follow-up-desk"
"taskActivities","1740001","create_event","como_next_work_file_events","","Create under the staged parent work file with provenance","","COMO-FUD-2026-09-25-02","como-follow-up-desk"
"taskActivities","1770001","create_event","como_next_work_file_events","","Create under the staged parent work file with provenance","","COMO-FUD-2026-09-25-02","como-follow-up-desk"
"taskActivities","1770002","create_event","como_next_work_file_events","","Create under the staged parent work file with provenance","","COMO-FUD-2026-09-25-02","como-follow-up-desk"
"taskActivities","1770003","create_event","como_next_work_file_events","","Create under the staged parent work file with provenance","","COMO-FUD-2026-09-25-02","como-follow-up-desk"
"taskActivities","1800001","create_event","como_next_work_file_events","","Create under the staged parent work file with provenance","","COMO-FUD-2026-09-25-02","como-follow-up-desk"
"taskActivities","1800002","create_event","como_next_work_file_events","","Create under the staged parent work file with provenance","","COMO-FUD-2026-09-25-02","como-follow-up-desk"
"taskActivities","1800003","create_event","como_next_work_file_events","","Create under the staged parent work file with provenance","","COMO-FUD-2026-09-25-02","como-follow-up-desk"
"taskActivities","1800004","create_event","como_next_work_file_events","","Create under the staged parent work file with provenance","","COMO-FUD-2026-09-25-02","como-follow-up-desk"
"taskActivities","1800005","create_event","como_next_work_file_events","","Create under the staged parent work file with provenance","","COMO-FUD-2026-09-25-02","como-follow-up-desk"
"taskActivities","1830001","create_event","como_next_work_file_events","","Create under the staged parent work file with provenance","","COMO-FUD-2026-09-25-02","como-follow-up-desk"
"taskActivities","1830002","create_event","como_next_work_file_events","","Create under the staged parent work file with provenance","","COMO-FUD-2026-09-25-02","como-follow-up-desk"
"taskActivities","1830003","create_event","como_next_work_file_events","","Create under the staged parent work file with provenance","","COMO-FUD-2026-09-25-02","como-follow-up-desk"
"taskActivities","1860001","create_event","como_next_work_file_events","","Create under the staged parent work file with provenance","","COMO-FUD-2026-09-25-02","como-follow-up-desk"
"taskActivities","1860002","create_event","como_next_work_file_events","","Create under the staged parent work file with provenance","","COMO-FUD-2026-09-25-02","como-follow-up-desk"
"taskActivities","1860003","create_event","como_next_work_file_events","","Create under the staged parent work file with provenance","","COMO-FUD-2026-09-25-02","como-follow-up-desk"
"taskActivities","1860004","create_event","como_next_work_file_events","","Create under the staged parent work file with provenance","","COMO-FUD-2026-09-25-02","como-follow-up-desk"
"taskActivities","1890001","create_event","como_next_work_file_events","","Create under the staged parent work file with provenance","","COMO-FUD-2026-09-25-02","como-follow-up-desk"
"taskActivities","1890002","create_event","como_next_work_file_events","","Create under the staged parent work file with provenance","","COMO-FUD-2026-09-25-02","como-follow-up-desk"
"taskActivities","1890003","create_event","como_next_work_file_events","","Create under the staged parent work file with provenance","","COMO-FUD-2026-09-25-02","como-follow-up-desk"
"taskActivities","1890004","create_event","como_next_work_file_events","","Create under the staged parent work file with provenance","","COMO-FUD-2026-09-25-02","como-follow-up-desk"
"taskActivities","1890005","create_event","como_next_work_file_events","","Create under the staged parent work file with provenance","","COMO-FUD-2026-09-25-02","como-follow-up-desk"
"taskActivities","1920001","create_event","como_next_work_file_events","","Create under the staged parent work file with provenance","","COMO-FUD-2026-09-25-02","como-follow-up-desk"
"taskActivities","1920002","create_event","como_next_work_file_events","","Create under the staged parent work file with provenance","","COMO-FUD-2026-09-25-02","como-follow-up-desk"
"taskActivities","1920003","create_event","como_next_work_file_events","","Create under the staged parent work file with provenance","","COMO-FUD-2026-09-25-02","como-follow-up-desk"
"taskActivities","1920004","create_event","como_next_work_file_events","","Create under the staged parent work file with provenance","","COMO-FUD-2026-09-25-02","como-follow-up-desk"
"taskActivities","1920005","create_event","como_next_work_file_events","","Create under the staged parent work file with provenance","","COMO-FUD-2026-09-25-02","como-follow-up-desk"
"taskActivities","1920006","create_event","como_next_work_file_events","","Create under the staged parent work file with provenance","","COMO-FUD-2026-09-25-02","como-follow-up-desk"
"taskActivities","1920007","create_event","como_next_work_file_events","","Create under the staged parent work file with provenance","","COMO-FUD-2026-09-25-02","como-follow-up-desk"
"taskActivities","1920008","create_event","como_next_work_file_events","","Create under the staged parent work file with provenance","","COMO-FUD-2026-09-25-02","como-follow-up-desk"
"taskActivities","1920009","create_event","como_next_work_file_events","","Create under the staged parent work file with provenance","","COMO-FUD-2026-09-25-02","como-follow-up-desk"
"taskActivities","1920010","create_event","como_next_work_file_events","","Create under the staged parent work file with provenance","","COMO-FUD-2026-09-25-02","como-follow-up-desk"
"taskActivities","1920011","create_event","como_next_work_file_events","","Create under the staged parent work file with provenance","","COMO-FUD-2026-09-25-02","como-follow-up-desk"
"taskActivities","1920012","create_event","como_next_work_file_events","","Create under the staged parent work file with provenance","","COMO-FUD-2026-09-25-02","como-follow-up-desk"
"taskActivities","1950001","create_event","como_next_work_file_events","","Create under the staged parent work file with provenance","","COMO-FUD-2026-09-25-02","como-follow-up-desk"
"taskActivities","1950002","create_event","como_next_work_file_events","","Create under the staged parent work file with provenance","","COMO-FUD-2026-09-25-02","como-follow-up-desk"
"taskActivities","1950003","create_event","como_next_work_file_events","","Create under the staged parent work file with provenance","","COMO-FUD-2026-09-25-02","como-follow-up-desk"
"taskActivities","1950004","create_event","como_next_work_file_events","","Create under the staged parent work file with provenance","","COMO-FUD-2026-09-25-02","como-follow-up-desk"
"taskActivities","1980001","create_event","como_next_work_file_events","","Create under the staged parent work file with provenance","","COMO-FUD-2026-09-25-02","como-follow-up-desk"
"taskActivities","1980002","create_event","como_next_work_file_events","","Create under the staged parent work file with provenance","","COMO-FUD-2026-09-25-02","como-follow-up-desk"
"taskActivities","1980003","create_event","como_next_work_file_events","","Create under the staged parent work file with provenance","","COMO-FUD-2026-09-25-02","como-follow-up-desk"
"taskActivities","1980004","create_event","como_next_work_file_events","","Create under the staged parent work file with provenance","","COMO-FUD-2026-09-25-02","como-follow-up-desk"
"taskActivities","1980005","create_event","como_next_work_file_events","","Create under the staged parent work file with provenance","","COMO-FUD-2026-09-25-02","como-follow-up-desk"
"taskActivities","1980006","create_event","como_next_work_file_events","","Create under the staged parent work file with provenance","","COMO-FUD-2026-09-25-02","como-follow-up-desk"
"taskActivities","1980007","create_event","como_next_work_file_events","","Create under the staged parent work file with provenance","","COMO-FUD-2026-09-25-02","como-follow-up-desk"
"taskActivities","1980008","create_event","como_next_work_file_events","","Create under the staged parent work file with provenance","","COMO-FUD-2026-09-25-02","como-follow-up-desk"
"taskActivities","1980009","create_event","como_next_work_file_events","","Create under the staged parent work file with provenance","","COMO-FUD-2026-09-25-02","como-follow-up-desk"
"taskActivities","1980010","create_event","como_next_work_file_events","","Create under the staged parent work file with provenance","","COMO-FUD-2026-09-25-02","como-follow-up-desk"
"taskActivities","1980011","create_event","como_next_work_file_events","","Create under the staged parent work file with provenance","","COMO-FUD-2026-09-25-02","como-follow-up-desk"
"taskActivities","1980012","create_event","como_next_work_file_events","","Create under the staged parent work file with provenance","","COMO-FUD-2026-09-25-02","como-follow-up-desk"
"taskActivities","1980013","create_event","como_next_work_file_events","","Create under the staged parent work file with provenance","","COMO-FUD-2026-09-25-02","como-follow-up-desk"
"taskActivities","1980014","create_event","como_next_work_file_events","","Create under the staged parent work file with provenance","","COMO-FUD-2026-09-25-02","como-follow-up-desk"
"taskActivities","1980015","create_event","como_next_work_file_events","","Create under the staged parent work file with provenance","","COMO-FUD-2026-09-25-02","como-follow-up-desk"
"taskActivities","1980016","create_event","como_next_work_file_events","","Create under the staged parent work file with provenance","","COMO-FUD-2026-09-25-02","como-follow-up-desk"
"taskActivities","2010001","create_event","como_next_work_file_events","","Create under the staged parent work file with provenance","","COMO-FUD-2026-09-25-02","como-follow-up-desk"
"taskActivities","2010002","create_event","como_next_work_file_events","","Create under the staged parent work file with provenance","","COMO-FUD-2026-09-25-02","como-follow-up-desk"
"taskActivities","2010003","create_event","como_next_work_file_events","","Create under the staged parent work file with provenance","","COMO-FUD-2026-09-25-02","como-follow-up-desk"
"taskActivities","2010004","create_event","como_next_work_file_events","","Create under the staged parent work file with provenance","","COMO-FUD-2026-09-25-02","como-follow-up-desk"
"taskActivities","2040001","create_event","como_next_work_file_events","","Create under the staged parent work file with provenance","","COMO-FUD-2026-09-25-02","como-follow-up-desk"
"taskActivities","2040002","create_event","como_next_work_file_events","","Create under the staged parent work file with provenance","","COMO-FUD-2026-09-25-02","como-follow-up-desk"
"taskActivities","2070001","create_event","como_next_work_file_events","","Create under the staged parent work file with provenance","","COMO-FUD-2026-09-25-02","como-follow-up-desk"
"taskActivities","2070002","create_event","como_next_work_file_events","","Create under the staged parent work file with provenance","","COMO-FUD-2026-09-25-02","como-follow-up-desk"
"taskActivities","2070003","create_event","como_next_work_file_events","","Create under the staged parent work file with provenance","","COMO-FUD-2026-09-25-02","como-follow-up-desk"
"taskActivities","2070004","create_event","como_next_work_file_events","","Create under the staged parent work file with provenance","","COMO-FUD-2026-09-25-02","como-follow-up-desk"
"taskActivities","2070005","create_event","como_next_work_file_events","","Create under the staged parent work file with provenance","","COMO-FUD-2026-09-25-02","como-follow-up-desk"
"taskActivities","2070006","create_event","como_next_work_file_events","","Create under the staged parent work file with provenance","","COMO-FUD-2026-09-25-02","como-follow-up-desk"
"taskActivities","2070007","create_event","como_next_work_file_events","","Create under the staged parent work file with provenance","","COMO-FUD-2026-09-25-02","como-follow-up-desk"
"taskActivities","2070008","create_event","como_next_work_file_events","","Create under the staged parent work file with provenance","","COMO-FUD-2026-09-25-02","como-follow-up-desk"
"taskActivities","2070009","create_event","como_next_work_file_events","","Create under the staged parent work file with provenance","","COMO-FUD-2026-09-25-02","como-follow-up-desk"
"taskActivities","2070010","create_event","como_next_work_file_events","","Create under the staged parent work file with provenance","","COMO-FUD-2026-09-25-02","como-follow-up-desk"
"taskActivities","2070011","create_event","como_next_work_file_events","","Create under the staged parent work file with provenance","","COMO-FUD-2026-09-25-02","como-follow-up-desk"
"taskActivities","2070012","create_event","como_next_work_file_events","","Create under the staged parent work file with provenance","","COMO-FUD-2026-09-25-02","como-follow-up-desk"
"taskActivities","2070013","create_event","como_next_work_file_events","","Create under the staged parent work file with provenance","","COMO-FUD-2026-09-25-02","como-follow-up-desk"
"taskActivities","2100001","create_event","como_next_work_file_events","","Create under the staged parent work file with provenance","","COMO-FUD-2026-09-25-02","como-follow-up-desk"
"taskActivities","2100002","create_event","como_next_work_file_events","","Create under the staged parent work file with provenance","","COMO-FUD-2026-09-25-02","como-follow-up-desk"
"taskActivities","2100003","create_event","como_next_work_file_events","","Create under the staged parent work file with provenance","","COMO-FUD-2026-09-25-02","como-follow-up-desk"
"taskActivities","2100004","create_event","como_next_work_file_events","","Create under the staged parent work file with provenance","","COMO-FUD-2026-09-25-02","como-follow-up-desk"
"taskActivities","2130001","create_event","como_next_work_file_events","","Create under the staged parent work file with provenance","","COMO-FUD-2026-09-25-02","como-follow-up-desk"
"taskActivities","2130002","create_event","como_next_work_file_events","","Create under the staged parent work file with provenance","","COMO-FUD-2026-09-25-02","como-follow-up-desk"
"taskActivities","2130003","create_event","como_next_work_file_events","","Create under the staged parent work file with provenance","","COMO-FUD-2026-09-25-02","como-follow-up-desk"
"taskActivities","2130004","create_event","como_next_work_file_events","","Create under the staged parent work file with provenance","","COMO-FUD-2026-09-25-02","como-follow-up-desk"
"taskActivities","2130005","create_event","como_next_work_file_events","","Create under the staged parent work file with provenance","","COMO-FUD-2026-09-25-02","como-follow-up-desk"
"taskActivities","2130006","create_event","como_next_work_file_events","","Create under the staged parent work file with provenance","","COMO-FUD-2026-09-25-02","como-follow-up-desk"
"taskActivities","2160001","create_event","como_next_work_file_events","","Create under the staged parent work file with provenance","","COMO-FUD-2026-09-25-02","como-follow-up-desk"
"taskActivities","2160002","create_event","como_next_work_file_events","","Create under the staged parent work file with provenance","","COMO-FUD-2026-09-25-02","como-follow-up-desk"
"taskActivities","2160003","create_event","como_next_work_file_events","","Create under the staged parent work file with provenance","","COMO-FUD-2026-09-25-02","como-follow-up-desk"
"taskActivities","2160004","create_event","como_next_work_file_events","","Create under the staged parent work file with provenance","","COMO-FUD-2026-09-25-02","como-follow-up-desk"
"taskActivities","2190001","create_event","como_next_work_file_events","","Create under the staged parent work file with provenance","","COMO-FUD-2026-09-25-02","como-follow-up-desk"
"taskActivities","2190002","create_event","como_next_work_file_events","","Create under the staged parent work file with provenance","","COMO-FUD-2026-09-25-02","como-follow-up-desk"
"taskActivities","2190003","create_event","como_next_work_file_events","","Create under the staged parent work file with provenance","","COMO-FUD-2026-09-25-02","como-follow-up-desk"
"taskActivities","2190004","create_event","como_next_work_file_events","","Create under the staged parent work file with provenance","","COMO-FUD-2026-09-25-02","como-follow-up-desk"
"taskActivities","2190005","create_event","como_next_work_file_events","","Create under the staged parent work file with provenance","","COMO-FUD-2026-09-25-02","como-follow-up-desk"
"taskActivities","2190006","create_event","como_next_work_file_events","","Create under the staged parent work file with provenance","","COMO-FUD-2026-09-25-02","como-follow-up-desk"
"taskActivities","2190007","create_event","como_next_work_file_events","","Create under the staged parent work file with provenance","","COMO-FUD-2026-09-25-02","como-follow-up-desk"
"taskActivities","2190008","create_event","como_next_work_file_events","","Create under the staged parent work file with provenance","","COMO-FUD-2026-09-25-02","como-follow-up-desk"
"taskActivities","2220001","create_event","como_next_work_file_events","","Create under the staged parent work file with provenance","","COMO-FUD-2026-09-25-02","como-follow-up-desk"
"taskActivities","2220002","create_event","como_next_work_file_events","","Create under the staged parent work file with provenance","","COMO-FUD-2026-09-25-02","como-follow-up-desk"
"taskActivities","2250001","create_event","como_next_work_file_events","","Create under the staged parent work file with provenance","","COMO-FUD-2026-09-25-02","como-follow-up-desk"
"taskActivities","2250002","create_event","como_next_work_file_events","","Create under the staged parent work file with provenance","","COMO-FUD-2026-09-25-02","como-follow-up-desk"
"taskActivities","2250003","create_event","como_next_work_file_events","","Create under the staged parent work file with provenance","","COMO-FUD-2026-09-25-02","como-follow-up-desk"
"taskActivities","2280001","create_event","como_next_work_file_events","","Create under the staged parent work file with provenance","","COMO-FUD-2026-09-25-02","como-follow-up-desk"
"taskActivities","2310001","skip_reference","como_next_work_file_events","","Skip with the temporarily excluded parent project","","COMO-FUD-2026-09-25-02","como-follow-up-desk"
"taskActivities","2310002","skip_reference","como_next_work_file_events","","Skip with the temporarily excluded parent project","","COMO-FUD-2026-09-25-02","como-follow-up-desk"
"taskActivities","2310003","skip_reference","como_next_work_file_events","","Skip with the temporarily excluded parent project","","COMO-FUD-2026-09-25-02","como-follow-up-desk"
"taskActivities","2310004","skip_reference","como_next_work_file_events","","Skip with the temporarily excluded parent project","","COMO-FUD-2026-09-25-02","como-follow-up-desk"
"taskActivities","2310005","skip_reference","como_next_work_file_events","","Skip with the temporarily excluded parent project","","COMO-FUD-2026-09-25-02","como-follow-up-desk"
"taskActivities","2310006","create_event","como_next_work_file_events","","Create under the staged parent work file with provenance","","COMO-FUD-2026-09-25-02","como-follow-up-desk"
"taskActivities","2310007","create_event","como_next_work_file_events","","Create under the staged parent work file with provenance","","COMO-FUD-2026-09-25-02","como-follow-up-desk"
"taskActivities","2310008","create_event","como_next_work_file_events","","Create under the staged parent work file with provenance","","COMO-FUD-2026-09-25-02","como-follow-up-desk"
"taskActivities","2310009","create_event","como_next_work_file_events","","Create under the staged parent work file with provenance","","COMO-FUD-2026-09-25-02","como-follow-up-desk"
"taskActivities","2310010","create_event","como_next_work_file_events","","Create under the staged parent work file with provenance","","COMO-FUD-2026-09-25-02","como-follow-up-desk"
"taskActivities","2310011","create_event","como_next_work_file_events","","Create under the staged parent work file with provenance","","COMO-FUD-2026-09-25-02","como-follow-up-desk"
"taskActivities","2310012","create_event","como_next_work_file_events","","Create under the staged parent work file with provenance","","COMO-FUD-2026-09-25-02","como-follow-up-desk"
"taskActivities","2310013","create_event","como_next_work_file_events","","Create under the staged parent work file with provenance","","COMO-FUD-2026-09-25-02","como-follow-up-desk"
"taskActivities","2310014","create_event","como_next_work_file_events","","Create under the staged parent work file with provenance","","COMO-FUD-2026-09-25-02","como-follow-up-desk"
"taskActivities","2310015","create_event","como_next_work_file_events","","Create under the staged parent work file with provenance","","COMO-FUD-2026-09-25-02","como-follow-up-desk"
"taskActivities","2310016","create_event","como_next_work_file_events","","Create under the staged parent work file with provenance","","COMO-FUD-2026-09-25-02","como-follow-up-desk"
"taskActivities","2310017","create_event","como_next_work_file_events","","Create under the staged parent work file with provenance","","COMO-FUD-2026-09-25-02","como-follow-up-desk"
"taskActivities","2310018","create_event","como_next_work_file_events","","Create under the staged parent work file with provenance","","COMO-FUD-2026-09-25-02","como-follow-up-desk"
"taskActivities","2310019","create_event","como_next_work_file_events","","Create under the staged parent work file with provenance","","COMO-FUD-2026-09-25-02","como-follow-up-desk"
"taskActivities","2310020","create_event","como_next_work_file_events","","Create under the staged parent work file with provenance","","COMO-FUD-2026-09-25-02","como-follow-up-desk"
"taskActivities","2310021","create_event","como_next_work_file_events","","Create under the staged parent work file with provenance","","COMO-FUD-2026-09-25-02","como-follow-up-desk"
"taskActivities","2310022","create_event","como_next_work_file_events","","Create under the staged parent work file with provenance","","COMO-FUD-2026-09-25-02","como-follow-up-desk"
"taskActivities","2310023","create_event","como_next_work_file_events","","Create under the staged parent work file with provenance","","COMO-FUD-2026-09-25-02","como-follow-up-desk"
"taskActivities","2310024","create_event","como_next_work_file_events","","Create under the staged parent work file with provenance","","COMO-FUD-2026-09-25-02","como-follow-up-desk"
"taskActivities","2310025","create_event","como_next_work_file_events","","Create under the staged parent work file with provenance","","COMO-FUD-2026-09-25-02","como-follow-up-desk"
"taskActivities","2310026","create_event","como_next_work_file_events","","Create under the staged parent work file with provenance","","COMO-FUD-2026-09-25-02","como-follow-up-desk"
"taskActivities","2310027","create_event","como_next_work_file_events","","Create under the staged parent work file with provenance","","COMO-FUD-2026-09-25-02","como-follow-up-desk"
"taskActivities","2310028","create_event","como_next_work_file_events","","Create under the staged parent work file with provenance","","COMO-FUD-2026-09-25-02","como-follow-up-desk"
"taskActivities","2310029","create_event","como_next_work_file_events","","Create under the staged parent work file with provenance","","COMO-FUD-2026-09-25-02","como-follow-up-desk"
"taskActivities","2310030","create_event","como_next_work_file_events","","Create under the staged parent work file with provenance","","COMO-FUD-2026-09-25-02","como-follow-up-desk"
"taskActivities","2310031","create_event","como_next_work_file_events","","Create under the staged parent work file with provenance","","COMO-FUD-2026-09-25-02","como-follow-up-desk"
"taskActivities","2310032","create_event","como_next_work_file_events","","Create under the staged parent work file with provenance","","COMO-FUD-2026-09-25-02","como-follow-up-desk"
"taskActivities","2310033","create_event","como_next_work_file_events","","Create under the staged parent work file with provenance","","COMO-FUD-2026-09-25-02","como-follow-up-desk"
"taskActivities","2310034","create_event","como_next_work_file_events","","Create under the staged parent work file with provenance","","COMO-FUD-2026-09-25-02","como-follow-up-desk"
"taskActivities","2340001","create_event","como_next_work_file_events","","Create under the staged parent work file with provenance","","COMO-FUD-2026-09-25-02","como-follow-up-desk"
"taskActivities","2340002","create_event","como_next_work_file_events","","Create under the staged parent work file with provenance","","COMO-FUD-2026-09-25-02","como-follow-up-desk"
"taskActivities","2340003","create_event","como_next_work_file_events","","Create under the staged parent work file with provenance","","COMO-FUD-2026-09-25-02","como-follow-up-desk"
"taskActivities","2340004","create_event","como_next_work_file_events","","Create under the staged parent work file with provenance","","COMO-FUD-2026-09-25-02","como-follow-up-desk"
"taskActivities","2340005","create_event","como_next_work_file_events","","Create under the staged parent work file with provenance","","COMO-FUD-2026-09-25-02","como-follow-up-desk"
"taskActivities","2370001","skip_reference","como_next_work_file_events","","Skip with the temporarily excluded parent project","","COMO-FUD-2026-09-25-02","como-follow-up-desk"
"taskActivities","2370002","create_event","como_next_work_file_events","","Create under the staged parent work file with provenance","","COMO-FUD-2026-09-25-02","como-follow-up-desk"
"taskActivities","2400001","create_event","como_next_work_file_events","","Create under the staged parent work file with provenance","","COMO-FUD-2026-09-25-02","como-follow-up-desk"
"taskActivities","2400002","create_event","como_next_work_file_events","","Create under the staged parent work file with provenance","","COMO-FUD-2026-09-25-02","como-follow-up-desk"
"taskActivities","2400003","create_event","como_next_work_file_events","","Create under the staged parent work file with provenance","","COMO-FUD-2026-09-25-02","como-follow-up-desk"
"taskActivities","2400004","create_event","como_next_work_file_events","","Create under the staged parent work file with provenance","","COMO-FUD-2026-09-25-02","como-follow-up-desk"
"taskActivities","2400005","create_event","como_next_work_file_events","","Create under the staged parent work file with provenance","","COMO-FUD-2026-09-25-02","como-follow-up-desk"
"taskActivities","2400006","create_event","como_next_work_file_events","","Create under the staged parent work file with provenance","","COMO-FUD-2026-09-25-02","como-follow-up-desk"
"taskActivities","2400007","create_event","como_next_work_file_events","","Create under the staged parent work file with provenance","","COMO-FUD-2026-09-25-02","como-follow-up-desk"
"taskActivities","2400008","create_event","como_next_work_file_events","","Create under the staged parent work file with provenance","","COMO-FUD-2026-09-25-02","como-follow-up-desk"
"taskActivities","2400009","create_event","como_next_work_file_events","","Create under the staged parent work file with provenance","","COMO-FUD-2026-09-25-02","como-follow-up-desk"
"taskActivities","2400010","skip_reference","como_next_work_file_events","","Skip with the temporarily excluded parent project","","COMO-FUD-2026-09-25-02","como-follow-up-desk"
"taskActivities","2400011","skip_reference","como_next_work_file_events","","Skip with the temporarily excluded parent project","","COMO-FUD-2026-09-25-02","como-follow-up-desk"
"taskActivities","2400012","create_event","como_next_work_file_events","","Create under the staged parent work file with provenance","","COMO-FUD-2026-09-25-02","como-follow-up-desk"
"taskActivities","2400013","create_event","como_next_work_file_events","","Create under the staged parent work file with provenance","","COMO-FUD-2026-09-25-02","como-follow-up-desk"
"taskActivities","2400014","create_event","como_next_work_file_events","","Create under the staged parent work file with provenance","","COMO-FUD-2026-09-25-02","como-follow-up-desk"
"taskActivities","2400015","create_event","como_next_work_file_events","","Create under the staged parent work file with provenance","","COMO-FUD-2026-09-25-02","como-follow-up-desk"
"taskActivities","2400016","create_event","como_next_work_file_events","","Create under the staged parent work file with provenance","","COMO-FUD-2026-09-25-02","como-follow-up-desk"
"taskActivities","2400017","create_event","como_next_work_file_events","","Create under the staged parent work file with provenance","","COMO-FUD-2026-09-25-02","como-follow-up-desk"
"taskActivities","2400018","create_event","como_next_work_file_events","","Create under the staged parent work file with provenance","","COMO-FUD-2026-09-25-02","como-follow-up-desk"
"taskActivities","2400019","create_event","como_next_work_file_events","","Create under the staged parent work file with provenance","","COMO-FUD-2026-09-25-02","como-follow-up-desk"
"taskActivities","2400020","create_event","como_next_work_file_events","","Create under the staged parent work file with provenance","","COMO-FUD-2026-09-25-02","como-follow-up-desk"
"taskActivities","2400021","create_event","como_next_work_file_events","","Create under the staged parent work file with provenance","","COMO-FUD-2026-09-25-02","como-follow-up-desk"
"taskActivities","2400022","create_event","como_next_work_file_events","","Create under the staged parent work file with provenance","","COMO-FUD-2026-09-25-02","como-follow-up-desk"
"taskActivities","2400023","skip_reference","como_next_work_file_events","","Skip with the temporarily excluded parent project","","COMO-FUD-2026-09-25-02","como-follow-up-desk"
"taskActivities","2430001","create_event","como_next_work_file_events","","Create under the staged parent work file with provenance","","COMO-FUD-2026-09-25-02","como-follow-up-desk"
"taskActivities","2430002","create_event","como_next_work_file_events","","Create under the staged parent work file with provenance","","COMO-FUD-2026-09-25-02","como-follow-up-desk"
"taskActivities","2430003","create_event","como_next_work_file_events","","Create under the staged parent work file with provenance","","COMO-FUD-2026-09-25-02","como-follow-up-desk"
"taskActivities","2430004","create_event","como_next_work_file_events","","Create under the staged parent work file with provenance","","COMO-FUD-2026-09-25-02","como-follow-up-desk"
"taskActivities","2430005","create_event","como_next_work_file_events","","Create under the staged parent work file with provenance","","COMO-FUD-2026-09-25-02","como-follow-up-desk"
"taskActivities","2430006","create_event","como_next_work_file_events","","Create under the staged parent work file with provenance","","COMO-FUD-2026-09-25-02","como-follow-up-desk"
"taskActivities","2430007","create_event","como_next_work_file_events","","Create under the staged parent work file with provenance","","COMO-FUD-2026-09-25-02","como-follow-up-desk"
"taskActivities","2430008","create_event","como_next_work_file_events","","Create under the staged parent work file with provenance","","COMO-FUD-2026-09-25-02","como-follow-up-desk"
"taskActivities","2430009","create_event","como_next_work_file_events","","Create under the staged parent work file with provenance","","COMO-FUD-2026-09-25-02","como-follow-up-desk"
"taskActivities","2430010","create_event","como_next_work_file_events","","Create under the staged parent work file with provenance","","COMO-FUD-2026-09-25-02","como-follow-up-desk"
"taskActivities","2430011","create_event","como_next_work_file_events","","Create under the staged parent work file with provenance","","COMO-FUD-2026-09-25-02","como-follow-up-desk"
"taskActivities","2460001","create_event","como_next_work_file_events","","Create under the staged parent work file with provenance","","COMO-FUD-2026-09-25-02","como-follow-up-desk"
"taskActivities","2460002","create_event","como_next_work_file_events","","Create under the staged parent work file with provenance","","COMO-FUD-2026-09-25-02","como-follow-up-desk"
"taskActivities","2460003","create_event","como_next_work_file_events","","Create under the staged parent work file with provenance","","COMO-FUD-2026-09-25-02","como-follow-up-desk"
"taskActivities","2460004","create_event","como_next_work_file_events","","Create under the staged parent work file with provenance","","COMO-FUD-2026-09-25-02","como-follow-up-desk"
"taskActivities","2460005","create_event","como_next_work_file_events","","Create under the staged parent work file with provenance","","COMO-FUD-2026-09-25-02","como-follow-up-desk"
"taskActivities","2460006","create_event","como_next_work_file_events","","Create under the staged parent work file with provenance","","COMO-FUD-2026-09-25-02","como-follow-up-desk"
"taskActivities","2460007","create_event","como_next_work_file_events","","Create under the staged parent work file with provenance","","COMO-FUD-2026-09-25-02","como-follow-up-desk"
"taskActivities","2460008","create_event","como_next_work_file_events","","Create under the staged parent work file with provenance","","COMO-FUD-2026-09-25-02","como-follow-up-desk"
"taskActivities","2460009","create_event","como_next_work_file_events","","Create under the staged parent work file with provenance","","COMO-FUD-2026-09-25-02","como-follow-up-desk"
"taskActivities","2460010","create_event","como_next_work_file_events","","Create under the staged parent work file with provenance","","COMO-FUD-2026-09-25-02","como-follow-up-desk"
"taskActivities","2490001","create_event","como_next_work_file_events","","Create under the staged parent work file with provenance","","COMO-FUD-2026-09-25-02","como-follow-up-desk"
"taskActivities","2490002","create_event","como_next_work_file_events","","Create under the staged parent work file with provenance","","COMO-FUD-2026-09-25-02","como-follow-up-desk"
"taskActivities","2490003","create_event","como_next_work_file_events","","Create under the staged parent work file with provenance","","COMO-FUD-2026-09-25-02","como-follow-up-desk"
"taskActivities","2490004","create_event","como_next_work_file_events","","Create under the staged parent work file with provenance","","COMO-FUD-2026-09-25-02","como-follow-up-desk"
"taskActivities","2490005","create_event","como_next_work_file_events","","Create under the staged parent work file with provenance","","COMO-FUD-2026-09-25-02","como-follow-up-desk"
"taskActivities","2490006","create_event","como_next_work_file_events","","Create under the staged parent work file with provenance","","COMO-FUD-2026-09-25-02","como-follow-up-desk"
"taskActivities","2490007","create_event","como_next_work_file_events","","Create under the staged parent work file with provenance","","COMO-FUD-2026-09-25-02","como-follow-up-desk"
"taskActivities","2520001","create_event","como_next_work_file_events","","Create under the staged parent work file with provenance","","COMO-FUD-2026-09-25-02","como-follow-up-desk"
"taskActivities","2520002","create_event","como_next_work_file_events","","Create under the staged parent work file with provenance","","COMO-FUD-2026-09-25-02","como-follow-up-desk"
"taskActivities","2520003","create_event","como_next_work_file_events","","Create under the staged parent work file with provenance","","COMO-FUD-2026-09-25-02","como-follow-up-desk"
"taskActivities","2520004","create_event","como_next_work_file_events","","Create under the staged parent work file with provenance","","COMO-FUD-2026-09-25-02","como-follow-up-desk"
"taskActivities","2550001","create_event","como_next_work_file_events","","Create under the staged parent work file with provenance","","COMO-FUD-2026-09-25-02","como-follow-up-desk"
"taskActivities","2550002","create_event","como_next_work_file_events","","Create under the staged parent work file with provenance","","COMO-FUD-2026-09-25-02","como-follow-up-desk"
"taskActivities","2550003","create_event","como_next_work_file_events","","Create under the staged parent work file with provenance","","COMO-FUD-2026-09-25-02","como-follow-up-desk"
"taskActivities","2550004","create_event","como_next_work_file_events","","Create under the staged parent work file with provenance","","COMO-FUD-2026-09-25-02","como-follow-up-desk"
"taskActivities","2550005","create_event","como_next_work_file_events","","Create under the staged parent work file with provenance","","COMO-FUD-2026-09-25-02","como-follow-up-desk"
"taskActivities","2580001","create_event","como_next_work_file_events","","Create under the staged parent work file with provenance","","COMO-FUD-2026-09-25-02","como-follow-up-desk"
"taskActivities","2580002","create_event","como_next_work_file_events","","Create under the staged parent work file with provenance","","COMO-FUD-2026-09-25-02","como-follow-up-desk"
"taskActivities","2610001","create_event","como_next_work_file_events","","Create under the staged parent work file with provenance","","COMO-FUD-2026-09-25-02","como-follow-up-desk"
"taskActivities","2610002","create_event","como_next_work_file_events","","Create under the staged parent work file with provenance","","COMO-FUD-2026-09-25-02","como-follow-up-desk"
"taskActivities","2610003","create_event","como_next_work_file_events","","Create under the staged parent work file with provenance","","COMO-FUD-2026-09-25-02","como-follow-up-desk"
"taskActivities","2610004","create_event","como_next_work_file_events","","Create under the staged parent work file with provenance","","COMO-FUD-2026-09-25-02","como-follow-up-desk"
"taskActivities","2610005","create_event","como_next_work_file_events","","Create under the staged parent work file with provenance","","COMO-FUD-2026-09-25-02","como-follow-up-desk"
"taskActivities","2610006","create_event","como_next_work_file_events","","Create under the staged parent work file with provenance","","COMO-FUD-2026-09-25-02","como-follow-up-desk"
"taskActivities","2610007","create_event","como_next_work_file_events","","Create under the staged parent work file with provenance","","COMO-FUD-2026-09-25-02","como-follow-up-desk"
"taskActivities","2610008","create_event","como_next_work_file_events","","Create under the staged parent work file with provenance","","COMO-FUD-2026-09-25-02","como-follow-up-desk"
"taskActivities","2610009","create_event","como_next_work_file_events","","Create under the staged parent work file with provenance","","COMO-FUD-2026-09-25-02","como-follow-up-desk"
"taskActivities","2610010","create_event","como_next_work_file_events","","Create under the staged parent work file with provenance","","COMO-FUD-2026-09-25-02","como-follow-up-desk"
"taskActivities","2610011","create_event","como_next_work_file_events","","Create under the staged parent work file with provenance","","COMO-FUD-2026-09-25-02","como-follow-up-desk"
"taskActivities","2610012","create_event","como_next_work_file_events","","Create under the staged parent work file with provenance","","COMO-FUD-2026-09-25-02","como-follow-up-desk"
"taskActivities","2610013","create_event","como_next_work_file_events","","Create under the staged parent work file with provenance","","COMO-FUD-2026-09-25-02","como-follow-up-desk"
"taskActivities","2610014","create_event","como_next_work_file_events","","Create under the staged parent work file with provenance","","COMO-FUD-2026-09-25-02","como-follow-up-desk"
"taskActivities","2610015","create_event","como_next_work_file_events","","Create under the staged parent work file with provenance","","COMO-FUD-2026-09-25-02","como-follow-up-desk"
"taskActivities","2610016","create_event","como_next_work_file_events","","Create under the staged parent work file with provenance","","COMO-FUD-2026-09-25-02","como-follow-up-desk"
"taskActivities","2640001","create_event","como_next_work_file_events","","Create under the staged parent work file with provenance","","COMO-FUD-2026-09-25-02","como-follow-up-desk"
"taskActivities","2640002","create_event","como_next_work_file_events","","Create under the staged parent work file with provenance","","COMO-FUD-2026-09-25-02","como-follow-up-desk"
"taskActivities","2640003","create_event","como_next_work_file_events","","Create under the staged parent work file with provenance","","COMO-FUD-2026-09-25-02","como-follow-up-desk"
"taskActivities","2640004","create_event","como_next_work_file_events","","Create under the staged parent work file with provenance","","COMO-FUD-2026-09-25-02","como-follow-up-desk"
"taskActivities","2640005","create_event","como_next_work_file_events","","Create under the staged parent work file with provenance","","COMO-FUD-2026-09-25-02","como-follow-up-desk"
"taskActivities","2640006","create_event","como_next_work_file_events","","Create under the staged parent work file with provenance","","COMO-FUD-2026-09-25-02","como-follow-up-desk"
"taskActivities","2640007","create_event","como_next_work_file_events","","Create under the staged parent work file with provenance","","COMO-FUD-2026-09-25-02","como-follow-up-desk"
"taskActivities","2640008","create_event","como_next_work_file_events","","Create under the staged parent work file with provenance","","COMO-FUD-2026-09-25-02","como-follow-up-desk"
"taskActivities","2640009","create_event","como_next_work_file_events","","Create under the staged parent work file with provenance","","COMO-FUD-2026-09-25-02","como-follow-up-desk"
"taskActivities","2640010","create_event","como_next_work_file_events","","Create under the staged parent work file with provenance","","COMO-FUD-2026-09-25-02","como-follow-up-desk"
"taskActivities","2640011","create_event","como_next_work_file_events","","Create under the staged parent work file with provenance","","COMO-FUD-2026-09-25-02","como-follow-up-desk"
"taskActivities","2640012","create_event","como_next_work_file_events","","Create under the staged parent work file with provenance","","COMO-FUD-2026-09-25-02","como-follow-up-desk"
"taskActivities","2640013","create_event","como_next_work_file_events","","Create under the staged parent work file with provenance","","COMO-FUD-2026-09-25-02","como-follow-up-desk"
"taskActivities","2670001","create_event","como_next_work_file_events","","Create under the staged parent work file with provenance","","COMO-FUD-2026-09-25-02","como-follow-up-desk"
"taskActivities","2670002","create_event","como_next_work_file_events","","Create under the staged parent work file with provenance","","COMO-FUD-2026-09-25-02","como-follow-up-desk"
"taskActivities","2670003","create_event","como_next_work_file_events","","Create under the staged parent work file with provenance","","COMO-FUD-2026-09-25-02","como-follow-up-desk"
"taskActivities","2670004","create_event","como_next_work_file_events","","Create under the staged parent work file with provenance","","COMO-FUD-2026-09-25-02","como-follow-up-desk"
"taskActivities","2670005","create_event","como_next_work_file_events","","Create under the staged parent work file with provenance","","COMO-FUD-2026-09-25-02","como-follow-up-desk"
"taskActivities","2670006","create_event","como_next_work_file_events","","Create under the staged parent work file with provenance","","COMO-FUD-2026-09-25-02","como-follow-up-desk"
"taskActivities","2670007","create_event","como_next_work_file_events","","Create under the staged parent work file with provenance","","COMO-FUD-2026-09-25-02","como-follow-up-desk"
"taskActivities","2670008","create_event","como_next_work_file_events","","Create under the staged parent work file with provenance","","COMO-FUD-2026-09-25-02","como-follow-up-desk"
"taskActivities","2670009","create_event","como_next_work_file_events","","Create under the staged parent work file with provenance","","COMO-FUD-2026-09-25-02","como-follow-up-desk"
"taskActivities","2670010","create_event","como_next_work_file_events","","Create under the staged parent work file with provenance","","COMO-FUD-2026-09-25-02","como-follow-up-desk"
"taskActivities","2670011","create_event","como_next_work_file_events","","Create under the staged parent work file with provenance","","COMO-FUD-2026-09-25-02","como-follow-up-desk"
"taskActivities","2670012","create_event","como_next_work_file_events","","Create under the staged parent work file with provenance","","COMO-FUD-2026-09-25-02","como-follow-up-desk"
"taskActivities","2670013","create_event","como_next_work_file_events","","Create under the staged parent work file with provenance","","COMO-FUD-2026-09-25-02","como-follow-up-desk"
"taskActivities","2670014","create_event","como_next_work_file_events","","Create under the staged parent work file with provenance","","COMO-FUD-2026-09-25-02","como-follow-up-desk"
"taskActivities","2700001","create_event","como_next_work_file_events","","Create under the staged parent work file with provenance","","COMO-FUD-2026-09-25-02","como-follow-up-desk"
"taskActivities","2700002","create_event","como_next_work_file_events","","Create under the staged parent work file with provenance","","COMO-FUD-2026-09-25-02","como-follow-up-desk"
"taskActivities","2700003","create_event","como_next_work_file_events","","Create under the staged parent work file with provenance","","COMO-FUD-2026-09-25-02","como-follow-up-desk"
"taskActivities","2730001","create_event","como_next_work_file_events","","Create under the staged parent work file with provenance","","COMO-FUD-2026-09-25-02","como-follow-up-desk"
"taskActivities","2820001","create_event","como_next_work_file_events","","Create under the staged parent work file with provenance","","COMO-FUD-2026-09-25-02","como-follow-up-desk"
"taskActivities","2820002","create_event","como_next_work_file_events","","Create under the staged parent work file with provenance","","COMO-FUD-2026-09-25-02","como-follow-up-desk"
"taskActivities","2850001","create_event","como_next_work_file_events","","Create under the staged parent work file with provenance","","COMO-FUD-2026-09-25-02","como-follow-up-desk"
"taskActivities","2850002","create_event","como_next_work_file_events","","Create under the staged parent work file with provenance","","COMO-FUD-2026-09-25-02","como-follow-up-desk"
"taskActivities","2850003","create_event","como_next_work_file_events","","Create under the staged parent work file with provenance","","COMO-FUD-2026-09-25-02","como-follow-up-desk"
"taskActivities","2880001","create_event","como_next_work_file_events","","Create under the staged parent work file with provenance","","COMO-FUD-2026-09-25-02","como-follow-up-desk"
"taskActivities","2880002","create_event","como_next_work_file_events","","Create under the staged parent work file with provenance","","COMO-FUD-2026-09-25-02","como-follow-up-desk"
"taskActivities","2910001","create_event","como_next_work_file_events","","Create under the staged parent work file with provenance","","COMO-FUD-2026-09-25-02","como-follow-up-desk"
"taskActivities","2910002","create_event","como_next_work_file_events","","Create under the staged parent work file with provenance","","COMO-FUD-2026-09-25-02","como-follow-up-desk"
"taskActivities","2910003","create_event","como_next_work_file_events","","Create under the staged parent work file with provenance","","COMO-FUD-2026-09-25-02","como-follow-up-desk"
"taskActivities","2910004","create_event","como_next_work_file_events","","Create under the staged parent work file with provenance","","COMO-FUD-2026-09-25-02","como-follow-up-desk"
"taskActivities","2940001","create_event","como_next_work_file_events","","Create under the staged parent work file with provenance","","COMO-FUD-2026-09-25-02","como-follow-up-desk"
"taskActivities","2940002","create_event","como_next_work_file_events","","Create under the staged parent work file with provenance","","COMO-FUD-2026-09-25-02","como-follow-up-desk"
"taskActivities","2940003","create_event","como_next_work_file_events","","Create under the staged parent work file with provenance","","COMO-FUD-2026-09-25-02","como-follow-up-desk"
"taskActivities","2970001","create_event","como_next_work_file_events","","Create under the staged parent work file with provenance","","COMO-FUD-2026-09-25-02","como-follow-up-desk"
"taskActivities","2970002","create_event","como_next_work_file_events","","Create under the staged parent work file with provenance","","COMO-FUD-2026-09-25-02","como-follow-up-desk"
"taskActivities","2970003","create_event","como_next_work_file_events","","Create under the staged parent work file with provenance","","COMO-FUD-2026-09-25-02","como-follow-up-desk"
"taskActivities","2970004","create_event","como_next_work_file_events","","Create under the staged parent work file with provenance","","COMO-FUD-2026-09-25-02","como-follow-up-desk"
"taskActivities","3000001","create_event","como_next_work_file_events","","Create under the staged parent work file with provenance","","COMO-FUD-2026-09-25-02","como-follow-up-desk"
"taskActivities","3000002","create_event","como_next_work_file_events","","Create under the staged parent work file with provenance","","COMO-FUD-2026-09-25-02","como-follow-up-desk"
"taskActivities","3000003","create_event","como_next_work_file_events","","Create under the staged parent work file with provenance","","COMO-FUD-2026-09-25-02","como-follow-up-desk"
"taskActivities","3030001","create_event","como_next_work_file_events","","Create under the staged parent work file with provenance","","COMO-FUD-2026-09-25-02","como-follow-up-desk"
"taskActivities","3030002","create_event","como_next_work_file_events","","Create under the staged parent work file with provenance","","COMO-FUD-2026-09-25-02","como-follow-up-desk"
"taskActivities","3030003","create_event","como_next_work_file_events","","Create under the staged parent work file with provenance","","COMO-FUD-2026-09-25-02","como-follow-up-desk"
"taskActivities","3030004","create_event","como_next_work_file_events","","Create under the staged parent work file with provenance","","COMO-FUD-2026-09-25-02","como-follow-up-desk"
"taskActivities","3030005","create_event","como_next_work_file_events","","Create under the staged parent work file with provenance","","COMO-FUD-2026-09-25-02","como-follow-up-desk"
"taskActivities","3030006","create_event","como_next_work_file_events","","Create under the staged parent work file with provenance","","COMO-FUD-2026-09-25-02","como-follow-up-desk"
"taskActivities","3030007","create_event","como_next_work_file_events","","Create under the staged parent work file with provenance","","COMO-FUD-2026-09-25-02","como-follow-up-desk"
"taskActivities","3030008","create_event","como_next_work_file_events","","Create under the staged parent work file with provenance","","COMO-FUD-2026-09-25-02","como-follow-up-desk"
"taskActivities","3060001","create_event","como_next_work_file_events","","Create under the staged parent work file with provenance","","COMO-FUD-2026-09-25-02","como-follow-up-desk"
"taskActivities","3060002","skip_reference","como_next_work_file_events","","Skip with the temporarily excluded parent project","","COMO-FUD-2026-09-25-02","como-follow-up-desk"
"taskActivities","3090001","create_event","como_next_work_file_events","","Create under the staged parent work file with provenance","","COMO-FUD-2026-09-25-02","como-follow-up-desk"
"taskActivities","3120001","create_event","como_next_work_file_events","","Create under the staged parent work file with provenance","","COMO-FUD-2026-09-25-02","como-follow-up-desk"
"taskActivities","3150001","create_event","como_next_work_file_events","","Create under the staged parent work file with provenance","","COMO-FUD-2026-09-25-02","como-follow-up-desk"
"taskActivities","3150002","create_event","como_next_work_file_events","","Create under the staged parent work file with provenance","","COMO-FUD-2026-09-25-02","como-follow-up-desk"
"taskActivities","3180001","create_event","como_next_work_file_events","","Create under the staged parent work file with provenance","","COMO-FUD-2026-09-25-02","como-follow-up-desk"
"taskActivities","3180002","create_event","como_next_work_file_events","","Create under the staged parent work file with provenance","","COMO-FUD-2026-09-25-02","como-follow-up-desk"
"taskActivities","3210001","create_event","como_next_work_file_events","","Create under the staged parent work file with provenance","","COMO-FUD-2026-09-25-02","como-follow-up-desk"
"taskActivities","3240001","create_event","como_next_work_file_events","","Create under the staged parent work file with provenance","","COMO-FUD-2026-09-25-02","como-follow-up-desk"
"users","1","map_existing","users","3330456","Exact approved user mapping","","COMO-FUD-2026-09-25-02","como-follow-up-desk"
"users","750001","map_existing","users","1","Exact approved user mapping","","COMO-FUD-2026-09-25-02","como-follow-up-desk"
"users","10680001","map_existing","users","1890097","Exact approved user mapping","","COMO-FUD-2026-09-25-02","como-follow-up-desk"
"workEntries","1","create_entry","como_next_work_entries","","Create under the staged parent work file with provenance","","COMO-FUD-2026-09-25-02","como-follow-up-desk"
"workEntries","2","create_entry","como_next_work_entries","","Create under the staged parent work file with provenance","","COMO-FUD-2026-09-25-02","como-follow-up-desk"
"workEntries","3","create_entry","como_next_work_entries","","Create under the staged parent work file with provenance","","COMO-FUD-2026-09-25-02","como-follow-up-desk"
"workEntries","4","create_entry","como_next_work_entries","","Create under the staged parent work file with provenance","","COMO-FUD-2026-09-25-02","como-follow-up-desk"
"workEntries","5","create_entry","como_next_work_entries","","Create under the staged parent work file with provenance","","COMO-FUD-2026-09-25-02","como-follow-up-desk"
"workEntries","6","create_entry","como_next_work_entries","","Create under the staged parent work file with provenance","","COMO-FUD-2026-09-25-02","como-follow-up-desk"
"workEntries","7","create_entry","como_next_work_entries","","Create under the staged parent work file with provenance","","COMO-FUD-2026-09-25-02","como-follow-up-desk"
"workEntries","8","create_entry","como_next_work_entries","","Create under the staged parent work file with provenance","","COMO-FUD-2026-09-25-02","como-follow-up-desk"
"workEntries","9","create_entry","como_next_work_entries","","Create under the staged parent work file with provenance","","COMO-FUD-2026-09-25-02","como-follow-up-desk"
"workEntries","10","create_entry","como_next_work_entries","","Create under the staged parent work file with provenance","","COMO-FUD-2026-09-25-02","como-follow-up-desk"
"workEntries","11","create_entry","como_next_work_entries","","Create under the staged parent work file with provenance","","COMO-FUD-2026-09-25-02","como-follow-up-desk"
"workEntries","12","create_entry","como_next_work_entries","","Create under the staged parent work file with provenance","","COMO-FUD-2026-09-25-02","como-follow-up-desk"
"workEntries","13","create_entry","como_next_work_entries","","Create under the staged parent work file with provenance","","COMO-FUD-2026-09-25-02","como-follow-up-desk"
"workEntries","14","create_entry","como_next_work_entries","","Create under the staged parent work file with provenance","","COMO-FUD-2026-09-25-02","como-follow-up-desk"
"workEntries","15","create_entry","como_next_work_entries","","Create under the staged parent work file with provenance","","COMO-FUD-2026-09-25-02","como-follow-up-desk"
"workEntries","16","create_entry","como_next_work_entries","","Create under the staged parent work file with provenance","","COMO-FUD-2026-09-25-02","como-follow-up-desk"
"workEntries","17","create_entry","como_next_work_entries","","Create under the staged parent work file with provenance","","COMO-FUD-2026-09-25-02","como-follow-up-desk"
"workEntries","30001","create_entry","como_next_work_entries","","Create under the staged parent work file with provenance","","COMO-FUD-2026-09-25-02","como-follow-up-desk"
"workEntries","30002","create_entry","como_next_work_entries","","Create under the staged parent work file with provenance","","COMO-FUD-2026-09-25-02","como-follow-up-desk"
"workEntries","30003","create_entry","como_next_work_entries","","Create under the staged parent work file with provenance","","COMO-FUD-2026-09-25-02","como-follow-up-desk"
"workEntries","30004","create_entry","como_next_work_entries","","Create under the staged parent work file with provenance","","COMO-FUD-2026-09-25-02","como-follow-up-desk"
"workEntries","60001","create_entry","como_next_work_entries","","Create under the staged parent work file with provenance","","COMO-FUD-2026-09-25-02","como-follow-up-desk"
"workEntries","90001","create_entry","como_next_work_entries","","Create under the staged parent work file with provenance","","COMO-FUD-2026-09-25-02","como-follow-up-desk"
"workEntries","120001","create_entry","como_next_work_entries","","Create under the staged parent work file with provenance","","COMO-FUD-2026-09-25-02","como-follow-up-desk"
"workEntries","150001","create_entry","como_next_work_entries","","Create under the staged parent work file with provenance","","COMO-FUD-2026-09-25-02","como-follow-up-desk"
"workEntries","150002","create_entry","como_next_work_entries","","Create under the staged parent work file with provenance","","COMO-FUD-2026-09-25-02","como-follow-up-desk"
"workEntries","180001","create_entry","como_next_work_entries","","Create under the staged parent work file with provenance","","COMO-FUD-2026-09-25-02","como-follow-up-desk"
"workEntries","180002","create_entry","como_next_work_entries","","Create under the staged parent work file with provenance","","COMO-FUD-2026-09-25-02","como-follow-up-desk"
"workEntries","180003","create_entry","como_next_work_entries","","Create under the staged parent work file with provenance","","COMO-FUD-2026-09-25-02","como-follow-up-desk"
"workEntries","210001","skip_reference","como_next_work_entries","","Skip with the temporarily excluded parent project","","COMO-FUD-2026-09-25-02","como-follow-up-desk"
"workEntries","210002","skip_reference","como_next_work_entries","","Skip with the temporarily excluded parent project","","COMO-FUD-2026-09-25-02","como-follow-up-desk"
"workEntries","210003","skip_reference","como_next_work_entries","","Skip with the temporarily excluded parent project","","COMO-FUD-2026-09-25-02","como-follow-up-desk"
"workEntries","210004","skip_reference","como_next_work_entries","","Skip with the temporarily excluded parent project","","COMO-FUD-2026-09-25-02","como-follow-up-desk"
"workEntries","240001","create_entry","como_next_work_entries","","Create under the staged parent work file with provenance","","COMO-FUD-2026-09-25-02","como-follow-up-desk"
"workEntries","240002","create_entry","como_next_work_entries","","Create under the staged parent work file with provenance","","COMO-FUD-2026-09-25-02","como-follow-up-desk"
"workEntries","240003","create_entry","como_next_work_entries","","Create under the staged parent work file with provenance","","COMO-FUD-2026-09-25-02","como-follow-up-desk"
"workEntries","240004","create_entry","como_next_work_entries","","Create under the staged parent work file with provenance","","COMO-FUD-2026-09-25-02","como-follow-up-desk"
"workEntries","240005","create_entry","como_next_work_entries","","Create under the staged parent work file with provenance","","COMO-FUD-2026-09-25-02","como-follow-up-desk"
"workEntries","240006","create_entry","como_next_work_entries","","Create under the staged parent work file with provenance","","COMO-FUD-2026-09-25-02","como-follow-up-desk"
"workEntries","270001","create_entry","como_next_work_entries","","Create under the staged parent work file with provenance","","COMO-FUD-2026-09-25-02","como-follow-up-desk"
"workEntries","270002","create_entry","como_next_work_entries","","Create under the staged parent work file with provenance","","COMO-FUD-2026-09-25-02","como-follow-up-desk"
"workEntries","270003","create_entry","como_next_work_entries","","Create under the staged parent work file with provenance","","COMO-FUD-2026-09-25-02","como-follow-up-desk"
"workEntries","270004","create_entry","como_next_work_entries","","Create under the staged parent work file with provenance","","COMO-FUD-2026-09-25-02","como-follow-up-desk"
"workEntries","300001","create_entry","como_next_work_entries","","Create under the staged parent work file with provenance","","COMO-FUD-2026-09-25-02","como-follow-up-desk"
"workEntries","300002","create_entry","como_next_work_entries","","Create under the staged parent work file with provenance","","COMO-FUD-2026-09-25-02","como-follow-up-desk"
"workEntries","330001","create_entry","como_next_work_entries","","Create under the staged parent work file with provenance","","COMO-FUD-2026-09-25-02","como-follow-up-desk"
"workEntries","330002","create_entry","como_next_work_entries","","Create under the staged parent work file with provenance","","COMO-FUD-2026-09-25-02","como-follow-up-desk"
"workEntries","360001","create_entry","como_next_work_entries","","Create under the staged parent work file with provenance","","COMO-FUD-2026-09-25-02","como-follow-up-desk"
"workEntries","360002","create_entry","como_next_work_entries","","Create under the staged parent work file with provenance","","COMO-FUD-2026-09-25-02","como-follow-up-desk"
"workEntries","360003","create_entry","como_next_work_entries","","Create under the staged parent work file with provenance","","COMO-FUD-2026-09-25-02","como-follow-up-desk"
"workEntries","390001","create_entry","como_next_work_entries","","Create under the staged parent work file with provenance","","COMO-FUD-2026-09-25-02","como-follow-up-desk"
"workEntries","390002","create_entry","como_next_work_entries","","Create under the staged parent work file with provenance","","COMO-FUD-2026-09-25-02","como-follow-up-desk"
"workEntries","390003","create_entry","como_next_work_entries","","Create under the staged parent work file with provenance","","COMO-FUD-2026-09-25-02","como-follow-up-desk"
"workEntries","420001","create_entry","como_next_work_entries","","Create under the staged parent work file with provenance","","COMO-FUD-2026-09-25-02","como-follow-up-desk"
"workEntries","420002","create_entry","como_next_work_entries","","Create under the staged parent work file with provenance","","COMO-FUD-2026-09-25-02","como-follow-up-desk"
"workEntries","420003","create_entry","como_next_work_entries","","Create under the staged parent work file with provenance","","COMO-FUD-2026-09-25-02","como-follow-up-desk"
"workEntries","420004","create_entry","como_next_work_entries","","Create under the staged parent work file with provenance","","COMO-FUD-2026-09-25-02","como-follow-up-desk"
"workEntries","450001","create_entry","como_next_work_entries","","Create under the staged parent work file with provenance","","COMO-FUD-2026-09-25-02","como-follow-up-desk"
"workEntries","480001","create_entry","como_next_work_entries","","Create under the staged parent work file with provenance","","COMO-FUD-2026-09-25-02","como-follow-up-desk"
"workEntries","480002","create_entry","como_next_work_entries","","Create under the staged parent work file with provenance","","COMO-FUD-2026-09-25-02","como-follow-up-desk"
"workEntries","480003","create_entry","como_next_work_entries","","Create under the staged parent work file with provenance","","COMO-FUD-2026-09-25-02","como-follow-up-desk"
"workEntries","480004","create_entry","como_next_work_entries","","Create under the staged parent work file with provenance","","COMO-FUD-2026-09-25-02","como-follow-up-desk"
"workEntries","480005","create_entry","como_next_work_entries","","Create under the staged parent work file with provenance","","COMO-FUD-2026-09-25-02","como-follow-up-desk"
"workEntries","510001","create_entry","como_next_work_entries","","Create under the staged parent work file with provenance","","COMO-FUD-2026-09-25-02","como-follow-up-desk"
"workEntries","540001","create_entry","como_next_work_entries","","Create under the staged parent work file with provenance","","COMO-FUD-2026-09-25-02","como-follow-up-desk"
"workEntries","570001","create_entry","como_next_work_entries","","Create under the staged parent work file with provenance","","COMO-FUD-2026-09-25-02","como-follow-up-desk"
"workEntries","570002","create_entry","como_next_work_entries","","Create under the staged parent work file with provenance","","COMO-FUD-2026-09-25-02","como-follow-up-desk"
"workEntries","570003","create_entry","como_next_work_entries","","Create under the staged parent work file with provenance","","COMO-FUD-2026-09-25-02","como-follow-up-desk"
"workEntries","570004","create_entry","como_next_work_entries","","Create under the staged parent work file with provenance","","COMO-FUD-2026-09-25-02","como-follow-up-desk"
"workEntries","570005","create_entry","como_next_work_entries","","Create under the staged parent work file with provenance","","COMO-FUD-2026-09-25-02","como-follow-up-desk"
"workEntries","570006","create_entry","como_next_work_entries","","Create under the staged parent work file with provenance","","COMO-FUD-2026-09-25-02","como-follow-up-desk"
"workEntries","570007","create_entry","como_next_work_entries","","Create under the staged parent work file with provenance","","COMO-FUD-2026-09-25-02","como-follow-up-desk"
"workEntries","570008","create_entry","como_next_work_entries","","Create under the staged parent work file with provenance","","COMO-FUD-2026-09-25-02","como-follow-up-desk"
"workEntries","570009","create_entry","como_next_work_entries","","Create under the staged parent work file with provenance","","COMO-FUD-2026-09-25-02","como-follow-up-desk"
"workEntries","600001","create_entry","como_next_work_entries","","Create under the staged parent work file with provenance","","COMO-FUD-2026-09-25-02","como-follow-up-desk"
"workEntries","600002","create_entry","como_next_work_entries","","Create under the staged parent work file with provenance","","COMO-FUD-2026-09-25-02","como-follow-up-desk"
"workEntries","630001","create_entry","como_next_work_entries","","Create under the staged parent work file with provenance","","COMO-FUD-2026-09-25-02","como-follow-up-desk"
"workEntries","630002","create_entry","como_next_work_entries","","Create under the staged parent work file with provenance","","COMO-FUD-2026-09-25-02","como-follow-up-desk"
"workEntries","630003","create_entry","como_next_work_entries","","Create under the staged parent work file with provenance","","COMO-FUD-2026-09-25-02","como-follow-up-desk"
"workEntries","630004","create_entry","como_next_work_entries","","Create under the staged parent work file with provenance","","COMO-FUD-2026-09-25-02","como-follow-up-desk"
"workEntries","630005","create_entry","como_next_work_entries","","Create under the staged parent work file with provenance","","COMO-FUD-2026-09-25-02","como-follow-up-desk"
"workEntries","630006","create_entry","como_next_work_entries","","Create under the staged parent work file with provenance","","COMO-FUD-2026-09-25-02","como-follow-up-desk"
"workEntries","630007","create_entry","como_next_work_entries","","Create under the staged parent work file with provenance","","COMO-FUD-2026-09-25-02","como-follow-up-desk"
"workEntries","660001","create_entry","como_next_work_entries","","Create under the staged parent work file with provenance","","COMO-FUD-2026-09-25-02","como-follow-up-desk"
"workEntries","660002","create_entry","como_next_work_entries","","Create under the staged parent work file with provenance","","COMO-FUD-2026-09-25-02","como-follow-up-desk"
"workEntries","690001","create_entry","como_next_work_entries","","Create under the staged parent work file with provenance","","COMO-FUD-2026-09-25-02","como-follow-up-desk"
"workEntries","690002","create_entry","como_next_work_entries","","Create under the staged parent work file with provenance","","COMO-FUD-2026-09-25-02","como-follow-up-desk"
"workEntries","720001","create_entry","como_next_work_entries","","Create under the staged parent work file with provenance","","COMO-FUD-2026-09-25-02","como-follow-up-desk"
"workEntries","750001","create_entry","como_next_work_entries","","Create under the staged parent work file with provenance","","COMO-FUD-2026-09-25-02","como-follow-up-desk"
"workEntries","750002","create_entry","como_next_work_entries","","Create under the staged parent work file with provenance","","COMO-FUD-2026-09-25-02","como-follow-up-desk"
"workEntries","750003","create_entry","como_next_work_entries","","Create under the staged parent work file with provenance","","COMO-FUD-2026-09-25-02","como-follow-up-desk"
"workEntries","780001","create_entry","como_next_work_entries","","Create under the staged parent work file with provenance","","COMO-FUD-2026-09-25-02","como-follow-up-desk"
"workEntries","780002","create_entry","como_next_work_entries","","Create under the staged parent work file with provenance","","COMO-FUD-2026-09-25-02","como-follow-up-desk"
"workEntries","780003","create_entry","como_next_work_entries","","Create under the staged parent work file with provenance","","COMO-FUD-2026-09-25-02","como-follow-up-desk"
"workEntries","810001","create_entry","como_next_work_entries","","Create under the staged parent work file with provenance","","COMO-FUD-2026-09-25-02","como-follow-up-desk"
"workEntries","840001","create_entry","como_next_work_entries","","Create under the staged parent work file with provenance","","COMO-FUD-2026-09-25-02","como-follow-up-desk"
"workEntries","840002","create_entry","como_next_work_entries","","Create under the staged parent work file with provenance","","COMO-FUD-2026-09-25-02","como-follow-up-desk"
"workEntries","870001","create_entry","como_next_work_entries","","Create under the staged parent work file with provenance","","COMO-FUD-2026-09-25-02","como-follow-up-desk"
"workEntries","900001","create_entry","como_next_work_entries","","Create under the staged parent work file with provenance","","COMO-FUD-2026-09-25-02","como-follow-up-desk"
"workEntries","900002","create_entry","como_next_work_entries","","Create under the staged parent work file with provenance","","COMO-FUD-2026-09-25-02","como-follow-up-desk"
"workEntries","900003","create_entry","como_next_work_entries","","Create under the staged parent work file with provenance","","COMO-FUD-2026-09-25-02","como-follow-up-desk"
"workEntries","900004","create_entry","como_next_work_entries","","Create under the staged parent work file with provenance","","COMO-FUD-2026-09-25-02","como-follow-up-desk"
"workEntries","900005","create_entry","como_next_work_entries","","Create under the staged parent work file with provenance","","COMO-FUD-2026-09-25-02","como-follow-up-desk"
"workEntries","900006","create_entry","como_next_work_entries","","Create under the staged parent work file with provenance","","COMO-FUD-2026-09-25-02","como-follow-up-desk"
"workEntries","930001","create_entry","como_next_work_entries","","Create under the staged parent work file with provenance","","COMO-FUD-2026-09-25-02","como-follow-up-desk"
"workEntries","960001","create_entry","como_next_work_entries","","Create under the staged parent work file with provenance","","COMO-FUD-2026-09-25-02","como-follow-up-desk"
"workEntries","960002","create_entry","como_next_work_entries","","Create under the staged parent work file with provenance","","COMO-FUD-2026-09-25-02","como-follow-up-desk"
"workEntries","960003","create_entry","como_next_work_entries","","Create under the staged parent work file with provenance","","COMO-FUD-2026-09-25-02","como-follow-up-desk"
"workEntries","990001","create_entry","como_next_work_entries","","Create under the staged parent work file with provenance","","COMO-FUD-2026-09-25-02","como-follow-up-desk"
"workEntries","1020001","create_entry","como_next_work_entries","","Create under the staged parent work file with provenance","","COMO-FUD-2026-09-25-02","como-follow-up-desk"
"workEntries","1020002","create_entry","como_next_work_entries","","Create under the staged parent work file with provenance","","COMO-FUD-2026-09-25-02","como-follow-up-desk"
"workEntries","1020003","create_entry","como_next_work_entries","","Create under the staged parent work file with provenance","","COMO-FUD-2026-09-25-02","como-follow-up-desk"
"workEntries","1050001","create_entry","como_next_work_entries","","Create under the staged parent work file with provenance","","COMO-FUD-2026-09-25-02","como-follow-up-desk"
"workEntries","1050002","create_entry","como_next_work_entries","","Create under the staged parent work file with provenance","","COMO-FUD-2026-09-25-02","como-follow-up-desk"
"workEntries","1050003","create_entry","como_next_work_entries","","Create under the staged parent work file with provenance","","COMO-FUD-2026-09-25-02","como-follow-up-desk"
"workEntries","1050004","create_entry","como_next_work_entries","","Create under the staged parent work file with provenance","","COMO-FUD-2026-09-25-02","como-follow-up-desk"
"workEntries","1050005","create_entry","como_next_work_entries","","Create under the staged parent work file with provenance","","COMO-FUD-2026-09-25-02","como-follow-up-desk"
"workEntries","1080001","create_entry","como_next_work_entries","","Create under the staged parent work file with provenance","","COMO-FUD-2026-09-25-02","como-follow-up-desk"
"workEntries","1080002","create_entry","como_next_work_entries","","Create under the staged parent work file with provenance","","COMO-FUD-2026-09-25-02","como-follow-up-desk"
"workEntries","1110001","create_entry","como_next_work_entries","","Create under the staged parent work file with provenance","","COMO-FUD-2026-09-25-02","como-follow-up-desk"
"workEntries","1110002","create_entry","como_next_work_entries","","Create under the staged parent work file with provenance","","COMO-FUD-2026-09-25-02","como-follow-up-desk"
"workEntries","1110003","create_entry","como_next_work_entries","","Create under the staged parent work file with provenance","","COMO-FUD-2026-09-25-02","como-follow-up-desk"
"workEntries","1140001","create_entry","como_next_work_entries","","Create under the staged parent work file with provenance","","COMO-FUD-2026-09-25-02","como-follow-up-desk"
"workEntries","1140002","create_entry","como_next_work_entries","","Create under the staged parent work file with provenance","","COMO-FUD-2026-09-25-02","como-follow-up-desk"
"workEntries","1170001","create_entry","como_next_work_entries","","Create under the staged parent work file with provenance","","COMO-FUD-2026-09-25-02","como-follow-up-desk"
"workEntries","1200001","create_entry","como_next_work_entries","","Create under the staged parent work file with provenance","","COMO-FUD-2026-09-25-02","como-follow-up-desk"
"workEntries","1200002","create_entry","como_next_work_entries","","Create under the staged parent work file with provenance","","COMO-FUD-2026-09-25-02","como-follow-up-desk"
"workEntries","1200003","create_entry","como_next_work_entries","","Create under the staged parent work file with provenance","","COMO-FUD-2026-09-25-02","como-follow-up-desk"
"workEntries","1200004","create_entry","como_next_work_entries","","Create under the staged parent work file with provenance","","COMO-FUD-2026-09-25-02","como-follow-up-desk"
"workEntries","1200005","create_entry","como_next_work_entries","","Create under the staged parent work file with provenance","","COMO-FUD-2026-09-25-02","como-follow-up-desk"
"workEntries","1200006","create_entry","como_next_work_entries","","Create under the staged parent work file with provenance","","COMO-FUD-2026-09-25-02","como-follow-up-desk"
"workEntries","1230001","create_entry","como_next_work_entries","","Create under the staged parent work file with provenance","","COMO-FUD-2026-09-25-02","como-follow-up-desk"
"workEntries","1260001","create_entry","como_next_work_entries","","Create under the staged parent work file with provenance","","COMO-FUD-2026-09-25-02","como-follow-up-desk"
"workEntries","1260002","create_entry","como_next_work_entries","","Create under the staged parent work file with provenance","","COMO-FUD-2026-09-25-02","como-follow-up-desk"
"workEntries","1260003","create_entry","como_next_work_entries","","Create under the staged parent work file with provenance","","COMO-FUD-2026-09-25-02","como-follow-up-desk"
"workEntries","1260004","create_entry","como_next_work_entries","","Create under the staged parent work file with provenance","","COMO-FUD-2026-09-25-02","como-follow-up-desk"
"workEntries","1260005","create_entry","como_next_work_entries","","Create under the staged parent work file with provenance","","COMO-FUD-2026-09-25-02","como-follow-up-desk"
"workEntries","1290001","create_entry","como_next_work_entries","","Create under the staged parent work file with provenance","","COMO-FUD-2026-09-25-02","como-follow-up-desk"
"workEntries","1290002","create_entry","como_next_work_entries","","Create under the staged parent work file with provenance","","COMO-FUD-2026-09-25-02","como-follow-up-desk"
"workEntries","1290003","create_entry","como_next_work_entries","","Create under the staged parent work file with provenance","","COMO-FUD-2026-09-25-02","como-follow-up-desk"
"workEntries","1290004","create_entry","como_next_work_entries","","Create under the staged parent work file with provenance","","COMO-FUD-2026-09-25-02","como-follow-up-desk"
"workEntries","1290005","create_entry","como_next_work_entries","","Create under the staged parent work file with provenance","","COMO-FUD-2026-09-25-02","como-follow-up-desk"
"workEntries","1290006","create_entry","como_next_work_entries","","Create under the staged parent work file with provenance","","COMO-FUD-2026-09-25-02","como-follow-up-desk"
"workEntries","1290007","create_entry","como_next_work_entries","","Create under the staged parent work file with provenance","","COMO-FUD-2026-09-25-02","como-follow-up-desk"
"workEntries","1290008","create_entry","como_next_work_entries","","Create under the staged parent work file with provenance","","COMO-FUD-2026-09-25-02","como-follow-up-desk"
"workEntries","1290009","create_entry","como_next_work_entries","","Create under the staged parent work file with provenance","","COMO-FUD-2026-09-25-02","como-follow-up-desk"
"workEntries","1290010","create_entry","como_next_work_entries","","Create under the staged parent work file with provenance","","COMO-FUD-2026-09-25-02","como-follow-up-desk"
"workEntries","1290011","create_entry","como_next_work_entries","","Create under the staged parent work file with provenance","","COMO-FUD-2026-09-25-02","como-follow-up-desk"
"workEntries","1290012","create_entry","como_next_work_entries","","Create under the staged parent work file with provenance","","COMO-FUD-2026-09-25-02","como-follow-up-desk"
"workEntries","1290013","create_entry","como_next_work_entries","","Create under the staged parent work file with provenance","","COMO-FUD-2026-09-25-02","como-follow-up-desk"
"workEntries","1290014","create_entry","como_next_work_entries","","Create under the staged parent work file with provenance","","COMO-FUD-2026-09-25-02","como-follow-up-desk"
"workEntries","1290015","create_entry","como_next_work_entries","","Create under the staged parent work file with provenance","","COMO-FUD-2026-09-25-02","como-follow-up-desk"
"workEntries","1320001","create_entry","como_next_work_entries","","Create under the staged parent work file with provenance","","COMO-FUD-2026-09-25-02","como-follow-up-desk"
"workEntries","1320002","create_entry","como_next_work_entries","","Create under the staged parent work file with provenance","","COMO-FUD-2026-09-25-02","como-follow-up-desk"
"workEntries","1350001","create_entry","como_next_work_entries","","Create under the staged parent work file with provenance","","COMO-FUD-2026-09-25-02","como-follow-up-desk"
"workEntries","1380001","create_entry","como_next_work_entries","","Create under the staged parent work file with provenance","","COMO-FUD-2026-09-25-02","como-follow-up-desk"
"workEntries","1410001","skip_reference","como_next_work_entries","","Skip with the temporarily excluded parent project","","COMO-FUD-2026-09-25-02","como-follow-up-desk"
"workEntries","1410002","skip_reference","como_next_work_entries","","Skip with the temporarily excluded parent project","","COMO-FUD-2026-09-25-02","como-follow-up-desk"
"workEntries","1410003","skip_reference","como_next_work_entries","","Skip with the temporarily excluded parent project","","COMO-FUD-2026-09-25-02","como-follow-up-desk"
"workEntries","1410004","create_entry","como_next_work_entries","","Create under the staged parent work file with provenance","","COMO-FUD-2026-09-25-02","como-follow-up-desk"
"workEntries","1410005","create_entry","como_next_work_entries","","Create under the staged parent work file with provenance","","COMO-FUD-2026-09-25-02","como-follow-up-desk"
"workEntries","1410006","create_entry","como_next_work_entries","","Create under the staged parent work file with provenance","","COMO-FUD-2026-09-25-02","como-follow-up-desk"
"workEntries","1410007","create_entry","como_next_work_entries","","Create under the staged parent work file with provenance","","COMO-FUD-2026-09-25-02","como-follow-up-desk"
"workEntries","1410008","create_entry","como_next_work_entries","","Create under the staged parent work file with provenance","","COMO-FUD-2026-09-25-02","como-follow-up-desk"
"workEntries","1410009","create_entry","como_next_work_entries","","Create under the staged parent work file with provenance","","COMO-FUD-2026-09-25-02","como-follow-up-desk"
"workEntries","1410010","create_entry","como_next_work_entries","","Create under the staged parent work file with provenance","","COMO-FUD-2026-09-25-02","como-follow-up-desk"
"workEntries","1410011","create_entry","como_next_work_entries","","Create under the staged parent work file with provenance","","COMO-FUD-2026-09-25-02","como-follow-up-desk"
"workEntries","1410012","create_entry","como_next_work_entries","","Create under the staged parent work file with provenance","","COMO-FUD-2026-09-25-02","como-follow-up-desk"
"workEntries","1410013","create_entry","como_next_work_entries","","Create under the staged parent work file with provenance","","COMO-FUD-2026-09-25-02","como-follow-up-desk"
"workEntries","1410014","create_entry","como_next_work_entries","","Create under the staged parent work file with provenance","","COMO-FUD-2026-09-25-02","como-follow-up-desk"
"workEntries","1410015","create_entry","como_next_work_entries","","Create under the staged parent work file with provenance","","COMO-FUD-2026-09-25-02","como-follow-up-desk"
"workEntries","1410016","create_entry","como_next_work_entries","","Create under the staged parent work file with provenance","","COMO-FUD-2026-09-25-02","como-follow-up-desk"
"workEntries","1410017","create_entry","como_next_work_entries","","Create under the staged parent work file with provenance","","COMO-FUD-2026-09-25-02","como-follow-up-desk"
"workEntries","1410018","create_entry","como_next_work_entries","","Create under the staged parent work file with provenance","","COMO-FUD-2026-09-25-02","como-follow-up-desk"
"workEntries","1410019","create_entry","como_next_work_entries","","Create under the staged parent work file with provenance","","COMO-FUD-2026-09-25-02","como-follow-up-desk"
"workEntries","1440001","create_entry","como_next_work_entries","","Create under the staged parent work file with provenance","","COMO-FUD-2026-09-25-02","como-follow-up-desk"
"workEntries","1440002","create_entry","como_next_work_entries","","Create under the staged parent work file with provenance","","COMO-FUD-2026-09-25-02","como-follow-up-desk"
"workEntries","1440003","create_entry","como_next_work_entries","","Create under the staged parent work file with provenance","","COMO-FUD-2026-09-25-02","como-follow-up-desk"
"workEntries","1470001","create_entry","como_next_work_entries","","Create under the staged parent work file with provenance","","COMO-FUD-2026-09-25-02","como-follow-up-desk"
"workEntries","1470002","create_entry","como_next_work_entries","","Create under the staged parent work file with provenance","","COMO-FUD-2026-09-25-02","como-follow-up-desk"
"workEntries","1470003","create_entry","como_next_work_entries","","Create under the staged parent work file with provenance","","COMO-FUD-2026-09-25-02","como-follow-up-desk"
"workEntries","1470004","create_entry","como_next_work_entries","","Create under the staged parent work file with provenance","","COMO-FUD-2026-09-25-02","como-follow-up-desk"
"workEntries","1470005","create_entry","como_next_work_entries","","Create under the staged parent work file with provenance","","COMO-FUD-2026-09-25-02","como-follow-up-desk"
"workEntries","1500001","create_entry","como_next_work_entries","","Create under the staged parent work file with provenance","","COMO-FUD-2026-09-25-02","como-follow-up-desk"
"workEntries","1500002","create_entry","como_next_work_entries","","Create under the staged parent work file with provenance","","COMO-FUD-2026-09-25-02","como-follow-up-desk"
"workEntries","1500003","create_entry","como_next_work_entries","","Create under the staged parent work file with provenance","","COMO-FUD-2026-09-25-02","como-follow-up-desk"
"workEntries","1500004","create_entry","como_next_work_entries","","Create under the staged parent work file with provenance","","COMO-FUD-2026-09-25-02","como-follow-up-desk"
"workEntries","1530001","create_entry","como_next_work_entries","","Create under the staged parent work file with provenance","","COMO-FUD-2026-09-25-02","como-follow-up-desk"
"workEntries","1530002","create_entry","como_next_work_entries","","Create under the staged parent work file with provenance","","COMO-FUD-2026-09-25-02","como-follow-up-desk"
"workEntries","1560001","create_entry","como_next_work_entries","","Create under the staged parent work file with provenance","","COMO-FUD-2026-09-25-02","como-follow-up-desk"
"workEntries","1560002","create_entry","como_next_work_entries","","Create under the staged parent work file with provenance","","COMO-FUD-2026-09-25-02","como-follow-up-desk"
"workEntries","1590001","create_entry","como_next_work_entries","","Create under the staged parent work file with provenance","","COMO-FUD-2026-09-25-02","como-follow-up-desk"
"workEntries","1590002","create_entry","como_next_work_entries","","Create under the staged parent work file with provenance","","COMO-FUD-2026-09-25-02","como-follow-up-desk"
"workEntries","1620001","create_entry","como_next_work_entries","","Create under the staged parent work file with provenance","","COMO-FUD-2026-09-25-02","como-follow-up-desk"
"workEntries","1650001","create_entry","como_next_work_entries","","Create under the staged parent work file with provenance","","COMO-FUD-2026-09-25-02","como-follow-up-desk"
"workEntries","1650002","create_entry","como_next_work_entries","","Create under the staged parent work file with provenance","","COMO-FUD-2026-09-25-02","como-follow-up-desk"
"workEntries","1650003","create_entry","como_next_work_entries","","Create under the staged parent work file with provenance","","COMO-FUD-2026-09-25-02","como-follow-up-desk"
"workEntries","1650004","create_entry","como_next_work_entries","","Create under the staged parent work file with provenance","","COMO-FUD-2026-09-25-02","como-follow-up-desk"
"workEntries","1650005","create_entry","como_next_work_entries","","Create under the staged parent work file with provenance","","COMO-FUD-2026-09-25-02","como-follow-up-desk"
"workEntries","1650006","create_entry","como_next_work_entries","","Create under the staged parent work file with provenance","","COMO-FUD-2026-09-25-02","como-follow-up-desk"
"workEntries","1650007","create_entry","como_next_work_entries","","Create under the staged parent work file with provenance","","COMO-FUD-2026-09-25-02","como-follow-up-desk"
"workEntries","1650008","create_entry","como_next_work_entries","","Create under the staged parent work file with provenance","","COMO-FUD-2026-09-25-02","como-follow-up-desk"
"workEntries","1680001","create_entry","como_next_work_entries","","Create under the staged parent work file with provenance","","COMO-FUD-2026-09-25-02","como-follow-up-desk"
"workEntries","1770001","create_entry","como_next_work_entries","","Create under the staged parent work file with provenance","","COMO-FUD-2026-09-25-02","como-follow-up-desk"
"workEntries","1800001","create_entry","como_next_work_entries","","Create under the staged parent work file with provenance","","COMO-FUD-2026-09-25-02","como-follow-up-desk"
"workEntries","1800002","create_entry","como_next_work_entries","","Create under the staged parent work file with provenance","","COMO-FUD-2026-09-25-02","como-follow-up-desk"
"workEntries","1800003","create_entry","como_next_work_entries","","Create under the staged parent work file with provenance","","COMO-FUD-2026-09-25-02","como-follow-up-desk"
"workEntries","1800004","create_entry","como_next_work_entries","","Create under the staged parent work file with provenance","","COMO-FUD-2026-09-25-02","como-follow-up-desk"
"workEntries","1830001","create_entry","como_next_work_entries","","Create under the staged parent work file with provenance","","COMO-FUD-2026-09-25-02","como-follow-up-desk"
"workEntries","1830002","create_entry","como_next_work_entries","","Create under the staged parent work file with provenance","","COMO-FUD-2026-09-25-02","como-follow-up-desk"
"workEntries","1830003","create_entry","como_next_work_entries","","Create under the staged parent work file with provenance","","COMO-FUD-2026-09-25-02","como-follow-up-desk"
"workEntries","1860001","create_entry","como_next_work_entries","","Create under the staged parent work file with provenance","","COMO-FUD-2026-09-25-02","como-follow-up-desk"
"workEntries","1890001","create_entry","como_next_work_entries","","Create under the staged parent work file with provenance","","COMO-FUD-2026-09-25-02","como-follow-up-desk"
"workEntries","1890002","create_entry","como_next_work_entries","","Create under the staged parent work file with provenance","","COMO-FUD-2026-09-25-02","como-follow-up-desk"
"workEntries","1890003","create_entry","como_next_work_entries","","Create under the staged parent work file with provenance","","COMO-FUD-2026-09-25-02","como-follow-up-desk"
"workEntries","1920001","create_entry","como_next_work_entries","","Create under the staged parent work file with provenance","","COMO-FUD-2026-09-25-02","como-follow-up-desk"
"workEntries","1920002","create_entry","como_next_work_entries","","Create under the staged parent work file with provenance","","COMO-FUD-2026-09-25-02","como-follow-up-desk"
"workEntries","1920003","create_entry","como_next_work_entries","","Create under the staged parent work file with provenance","","COMO-FUD-2026-09-25-02","como-follow-up-desk"
"workEntries","1920004","skip_reference","como_next_work_entries","","Skip with the temporarily excluded parent project","","COMO-FUD-2026-09-25-02","como-follow-up-desk"
"workEntries","1920005","skip_reference","como_next_work_entries","","Skip with the temporarily excluded parent project","","COMO-FUD-2026-09-25-02","como-follow-up-desk"
"workEntries","1950001","create_entry","como_next_work_entries","","Create under the staged parent work file with provenance","","COMO-FUD-2026-09-25-02","como-follow-up-desk"
"workEntries","1980001","create_entry","como_next_work_entries","","Create under the staged parent work file with provenance","","COMO-FUD-2026-09-25-02","como-follow-up-desk"
"workEntries","2010001","create_entry","como_next_work_entries","","Create under the staged parent work file with provenance","","COMO-FUD-2026-09-25-02","como-follow-up-desk"
"workEntries","2010002","create_entry","como_next_work_entries","","Create under the staged parent work file with provenance","","COMO-FUD-2026-09-25-02","como-follow-up-desk"
"workEntries","2040001","create_entry","como_next_work_entries","","Create under the staged parent work file with provenance","","COMO-FUD-2026-09-25-02","como-follow-up-desk"
"workEntries","2040002","create_entry","como_next_work_entries","","Create under the staged parent work file with provenance","","COMO-FUD-2026-09-25-02","como-follow-up-desk"
"workEntries","2040003","create_entry","como_next_work_entries","","Create under the staged parent work file with provenance","","COMO-FUD-2026-09-25-02","como-follow-up-desk"
"workEntries","2070001","create_entry","como_next_work_entries","","Create under the staged parent work file with provenance","","COMO-FUD-2026-09-25-02","como-follow-up-desk"
"workEntries","2070002","create_entry","como_next_work_entries","","Create under the staged parent work file with provenance","","COMO-FUD-2026-09-25-02","como-follow-up-desk"
"workEntries","2070003","create_entry","como_next_work_entries","","Create under the staged parent work file with provenance","","COMO-FUD-2026-09-25-02","como-follow-up-desk"
"workEntries","2100001","create_entry","como_next_work_entries","","Create under the staged parent work file with provenance","","COMO-FUD-2026-09-25-02","como-follow-up-desk"
"workEntries","2100002","create_entry","como_next_work_entries","","Create under the staged parent work file with provenance","","COMO-FUD-2026-09-25-02","como-follow-up-desk"
"workEntries","2130001","create_entry","como_next_work_entries","","Create under the staged parent work file with provenance","","COMO-FUD-2026-09-25-02","como-follow-up-desk"
"workEntries","2130002","create_entry","como_next_work_entries","","Create under the staged parent work file with provenance","","COMO-FUD-2026-09-25-02","como-follow-up-desk"
