"sourceTable","sourceId","disposition","targetType","targetId","reason","blockedBy","batchId","sourceSystem"
"__drizzle_migrations","1","skip_reference","migration_reference","","Source migration history is reference-only","","COMO-FUD-2026-09-25-01","como-follow-up-desk"
"agentRequests","360001","archive_history","assistant_history","","Historical record only; never rerun","","COMO-FUD-2026-09-25-01","como-follow-up-desk"
"agentRequests","450002","archive_history","assistant_history","","Historical record only; never rerun","","COMO-FUD-2026-09-25-01","como-follow-up-desk"
"agentRequests","480001","archive_history","assistant_history","","Historical record only; never rerun","","COMO-FUD-2026-09-25-01","como-follow-up-desk"
"agentRequests","720001","archive_history","assistant_history","","Historical record only; never rerun","","COMO-FUD-2026-09-25-01","como-follow-up-desk"
"agentRequests","750001","archive_history","assistant_history","","Historical record only; never rerun","","COMO-FUD-2026-09-25-01","como-follow-up-desk"
"agentRequests","870005","archive_history","assistant_history","","Historical record only; never rerun","","COMO-FUD-2026-09-25-01","como-follow-up-desk"
"agentRequests","870006","archive_history","assistant_history","","Historical record only; never rerun","","COMO-FUD-2026-09-25-01","como-follow-up-desk"
"agentRequests","870007","archive_history","assistant_history","","Historical record only; never rerun","","COMO-FUD-2026-09-25-01","como-follow-up-desk"
"agentRequests","870008","archive_history","assistant_history","","Historical record only; never rerun","","COMO-FUD-2026-09-25-01","como-follow-up-desk"
"agentRequests","900001","archive_history","assistant_history","","Historical record only; never rerun","","COMO-FUD-2026-09-25-01","como-follow-up-desk"
"agentRequests","900002","archive_history","assistant_history","","Historical record only; never rerun","","COMO-FUD-2026-09-25-01","como-follow-up-desk"
"agentRequests","900003","archive_history","assistant_history","","Historical record only; never rerun","","COMO-FUD-2026-09-25-01","como-follow-up-desk"
"agentRequests","900004","archive_history","assistant_history","","Historical record only; never rerun","","COMO-FUD-2026-09-25-01","como-follow-up-desk"
"agentRequests","900005","archive_history","assistant_history","","Historical record only; never rerun","","COMO-FUD-2026-09-25-01","como-follow-up-desk"
"agentRequests","930001","archive_history","assistant_history","","Historical record only; never rerun","","COMO-FUD-2026-09-25-01","como-follow-up-desk"
"agentRequests","930002","archive_history","assistant_history","","Historical record only; never rerun","","COMO-FUD-2026-09-25-01","como-follow-up-desk"
"agentRequests","930003","archive_history","assistant_history","","Historical record only; never rerun","","COMO-FUD-2026-09-25-01","como-follow-up-desk"
"agentRequests","930004","archive_history","assistant_history","","Historical record only; never rerun","","COMO-FUD-2026-09-25-01","como-follow-up-desk"
"agentRequests","960001","archive_history","assistant_history","","Historical record only; never rerun","","COMO-FUD-2026-09-25-01","como-follow-up-desk"
"agentRequests","990001","archive_history","assistant_history","","Historical record only; never rerun","","COMO-FUD-2026-09-25-01","como-follow-up-desk"
"agentRequests","1020001","archive_history","assistant_history","","Historical record only; never rerun","","COMO-FUD-2026-09-25-01","como-follow-up-desk"
"agentRequests","1050001","archive_history","assistant_history","","Historical record only; never rerun","","COMO-FUD-2026-09-25-01","como-follow-up-desk"
"agentRequests","1050002","archive_history","assistant_history","","Historical record only; never rerun","","COMO-FUD-2026-09-25-01","como-follow-up-desk"
"agentRequests","1080001","archive_history","assistant_history","","Historical record only; never rerun","","COMO-FUD-2026-09-25-01","como-follow-up-desk"
"agentRequests","1080002","archive_history","assistant_history","","Historical record only; never rerun","","COMO-FUD-2026-09-25-01","como-follow-up-desk"
"agentRequests","1110001","archive_history","assistant_history","","Historical record only; never rerun","","COMO-FUD-2026-09-25-01","como-follow-up-desk"
"agentRequests","1140001","archive_history","assistant_history","","Historical record only; never rerun","","COMO-FUD-2026-09-25-01","como-follow-up-desk"
"agentRequests","1170001","archive_history","assistant_history","","Historical record only; never rerun","","COMO-FUD-2026-09-25-01","como-follow-up-desk"
"agentRequests","1200001","archive_history","assistant_history","","Historical record only; never rerun","","COMO-FUD-2026-09-25-01","como-follow-up-desk"
"agentRequests","1230001","archive_history","assistant_history","","Historical record only; never rerun","","COMO-FUD-2026-09-25-01","como-follow-up-desk"
"agentRequests","1260001","archive_history","assistant_history","","Historical record only; never rerun","","COMO-FUD-2026-09-25-01","como-follow-up-desk"
"agentRequests","1290001","archive_history","assistant_history","","Historical record only; never rerun","","COMO-FUD-2026-09-25-01","como-follow-up-desk"
"agentRequests","1320001","archive_history","assistant_history","","Historical record only; never rerun","","COMO-FUD-2026-09-25-01","como-follow-up-desk"
"agentRequests","1350001","archive_history","assistant_history","","Historical record only; never rerun","","COMO-FUD-2026-09-25-01","como-follow-up-desk"
"agentRequests","1380001","archive_history","assistant_history","","Historical record only; never rerun","","COMO-FUD-2026-09-25-01","como-follow-up-desk"
"agentRequests","1410001","archive_history","assistant_history","","Historical record only; never rerun","","COMO-FUD-2026-09-25-01","como-follow-up-desk"
"agentRequests","1440001","archive_history","assistant_history","","Historical record only; never rerun","","COMO-FUD-2026-09-25-01","como-follow-up-desk"
"agentRequests","1440002","archive_history","assistant_history","","Historical record only; never rerun","","COMO-FUD-2026-09-25-01","como-follow-up-desk"
"agentRequests","1470001","archive_history","assistant_history","","Historical record only; never rerun","","COMO-FUD-2026-09-25-01","como-follow-up-desk"
"agentRequests","1500001","archive_history","assistant_history","","Historical record only; never rerun","","COMO-FUD-2026-09-25-01","como-follow-up-desk"
"agentRequests","1530001","archive_history","assistant_history","","Historical record only; never rerun","","COMO-FUD-2026-09-25-01","como-follow-up-desk"
"agentRequests","1560003","archive_history","assistant_history","","Historical record only; never rerun","","COMO-FUD-2026-09-25-01","como-follow-up-desk"
"agentRequests","1590001","archive_history","assistant_history","","Historical record only; never rerun","","COMO-FUD-2026-09-25-01","como-follow-up-desk"
"agentRequests","1620001","archive_history","assistant_history","","Historical record only; never rerun","","COMO-FUD-2026-09-25-01","como-follow-up-desk"
"agentRequests","1650001","archive_history","assistant_history","","Historical record only; never rerun","","COMO-FUD-2026-09-25-01","como-follow-up-desk"
"agentRequests","1680001","archive_history","assistant_history","","Historical record only; never rerun","","COMO-FUD-2026-09-25-01","como-follow-up-desk"
"agentRequests","1710001","archive_history","assistant_history","","Historical record only; never rerun","","COMO-FUD-2026-09-25-01","como-follow-up-desk"
"agentRequests","1740001","archive_history","assistant_history","","Historical record only; never rerun","","COMO-FUD-2026-09-25-01","como-follow-up-desk"
"agentRequests","1770001","archive_history","assistant_history","","Historical record only; never rerun","","COMO-FUD-2026-09-25-01","como-follow-up-desk"
"agentRequests","1770002","archive_history","assistant_history","","Historical record only; never rerun","","COMO-FUD-2026-09-25-01","como-follow-up-desk"
"agentRequests","1800001","archive_history","assistant_history","","Historical record only; never rerun","","COMO-FUD-2026-09-25-01","como-follow-up-desk"
"agentRequests","1830001","archive_history","assistant_history","","Historical record only; never rerun","","COMO-FUD-2026-09-25-01","como-follow-up-desk"
"agentRequests","1830002","archive_history","assistant_history","","Historical record only; never rerun","","COMO-FUD-2026-09-25-01","como-follow-up-desk"
"agentRequests","1860001","archive_history","assistant_history","","Historical record only; never rerun","","COMO-FUD-2026-09-25-01","como-follow-up-desk"
"agentRequests","1890001","archive_history","assistant_history","","Historical record only; never rerun","","COMO-FUD-2026-09-25-01","como-follow-up-desk"
"agentRequests","1920001","archive_history","assistant_history","","Historical record only; never rerun","","COMO-FUD-2026-09-25-01","como-follow-up-desk"
"agentRequests","1950001","archive_history","assistant_history","","Historical record only; never rerun","","COMO-FUD-2026-09-25-01","como-follow-up-desk"
"agentRequests","1980001","archive_history","assistant_history","","Historical record only; never rerun","","COMO-FUD-2026-09-25-01","como-follow-up-desk"
"agentRequests","2010001","archive_history","assistant_history","","Historical record only; never rerun","","COMO-FUD-2026-09-25-01","como-follow-up-desk"
"agentRequests","2040001","archive_history","assistant_history","","Historical record only; never rerun","","COMO-FUD-2026-09-25-01","como-follow-up-desk"
"agentRequests","2070001","archive_history","assistant_history","","Historical record only; never rerun","","COMO-FUD-2026-09-25-01","como-follow-up-desk"
"agentRequests","2100001","archive_history","assistant_history","","Historical record only; never rerun","","COMO-FUD-2026-09-25-01","como-follow-up-desk"
"agentRequests","2130001","archive_history","assistant_history","","Historical record only; never rerun","","COMO-FUD-2026-09-25-01","como-follow-up-desk"
"agentRequests","2160001","archive_history","assistant_history","","Historical record only; never rerun","","COMO-FUD-2026-09-25-01","como-follow-up-desk"
"agentRequests","2190001","archive_history","assistant_history","","Historical record only; never rerun","","COMO-FUD-2026-09-25-01","como-follow-up-desk"
"agentRequests","2220001","archive_history","assistant_history","","Historical record only; never rerun","","COMO-FUD-2026-09-25-01","como-follow-up-desk"
"agentRequests","2250001","archive_history","assistant_history","","Historical record only; never rerun","","COMO-FUD-2026-09-25-01","como-follow-up-desk"
"agentRequests","2280001","archive_history","assistant_history","","Historical record only; never rerun","","COMO-FUD-2026-09-25-01","como-follow-up-desk"
"agentRequests","2310001","archive_history","assistant_history","","Historical record only; never rerun","","COMO-FUD-2026-09-25-01","como-follow-up-desk"
"agentRequests","2340001","archive_history","assistant_history","","Historical record only; never rerun","","COMO-FUD-2026-09-25-01","como-follow-up-desk"
"agentRequests","2370001","archive_history","assistant_history","","Historical record only; never rerun","","COMO-FUD-2026-09-25-01","como-follow-up-desk"
"agentRequests","2400001","archive_history","assistant_history","","Historical record only; never rerun","","COMO-FUD-2026-09-25-01","como-follow-up-desk"
"agentRequests","2430001","archive_history","assistant_history","","Historical record only; never rerun","","COMO-FUD-2026-09-25-01","como-follow-up-desk"
"agentRequests","2460001","archive_history","assistant_history","","Historical record only; never rerun","","COMO-FUD-2026-09-25-01","como-follow-up-desk"
"agentRequests","2490001","archive_history","assistant_history","","Historical record only; never rerun","","COMO-FUD-2026-09-25-01","como-follow-up-desk"
"agentRequests","2520001","archive_history","assistant_history","","Historical record only; never rerun","","COMO-FUD-2026-09-25-01","como-follow-up-desk"
"agentRequests","2550001","archive_history","assistant_history","","Historical record only; never rerun","","COMO-FUD-2026-09-25-01","como-follow-up-desk"
"agentRequests","2580001","archive_history","assistant_history","","Historical record only; never rerun","","COMO-FUD-2026-09-25-01","como-follow-up-desk"
"agentRequests","2610001","archive_history","assistant_history","","Historical record only; never rerun","","COMO-FUD-2026-09-25-01","como-follow-up-desk"
"agentRequests","2640001","archive_history","assistant_history","","Historical record only; never rerun","","COMO-FUD-2026-09-25-01","como-follow-up-desk"
"agentRequests","2670001","archive_history","assistant_history","","Historical record only; never rerun","","COMO-FUD-2026-09-25-01","como-follow-up-desk"
"agentRequests","2700001","archive_history","assistant_history","","Historical record only; never rerun","","COMO-FUD-2026-09-25-01","como-follow-up-desk"
"agentRequests","2730001","archive_history","assistant_history","","Historical record only; never rerun","","COMO-FUD-2026-09-25-01","como-follow-up-desk"
"agentRequests","2760001","archive_history","assistant_history","","Historical record only; never rerun","","COMO-FUD-2026-09-25-01","como-follow-up-desk"
"agentRequests","2790001","archive_history","assistant_history","","Historical record only; never rerun","","COMO-FUD-2026-09-25-01","como-follow-up-desk"
"agentRequests","2820001","archive_history","assistant_history","","Historical record only; never rerun","","COMO-FUD-2026-09-25-01","como-follow-up-desk"
"agentRequests","2850001","archive_history","assistant_history","","Historical record only; never rerun","","COMO-FUD-2026-09-25-01","como-follow-up-desk"
"agentRequests","2880001","archive_history","assistant_history","","Historical record only; never rerun","","COMO-FUD-2026-09-25-01","como-follow-up-desk"
"agentRequests","2910001","archive_history","assistant_history","","Historical record only; never rerun","","COMO-FUD-2026-09-25-01","como-follow-up-desk"
"agentRequests","2940001","archive_history","assistant_history","","Historical record only; never rerun","","COMO-FUD-2026-09-25-01","como-follow-up-desk"
"agentRequests","2970001","archive_history","assistant_history","","Historical record only; never rerun","","COMO-FUD-2026-09-25-01","como-follow-up-desk"
"agentRequests","3000001","archive_history","assistant_history","","Historical record only; never rerun","","COMO-FUD-2026-09-25-01","como-follow-up-desk"
"agentRequests","3030001","archive_history","assistant_history","","Historical record only; never rerun","","COMO-FUD-2026-09-25-01","como-follow-up-desk"
"agentRequests","3060001","archive_history","assistant_history","","Historical record only; never rerun","","COMO-FUD-2026-09-25-01","como-follow-up-desk"
"agentRequests","3090001","archive_history","assistant_history","","Historical record only; never rerun","","COMO-FUD-2026-09-25-01","como-follow-up-desk"
"agentRequests","3120001","archive_history","assistant_history","","Historical record only; never rerun","","COMO-FUD-2026-09-25-01","como-follow-up-desk"
"agentRequests","3150001","archive_history","assistant_history","","Historical record only; never rerun","","COMO-FUD-2026-09-25-01","como-follow-up-desk"
"agentRequests","3180001","archive_history","assistant_history","","Historical record only; never rerun","","COMO-FUD-2026-09-25-01","como-follow-up-desk"
"agentRequests","3210001","archive_history","assistant_history","","Historical record only; never rerun","","COMO-FUD-2026-09-25-01","como-follow-up-desk"
"agentRequests","3240001","archive_history","assistant_history","","Historical record only; never rerun","","COMO-FUD-2026-09-25-01","como-follow-up-desk"
"agentRequests","3270001","archive_history","assistant_history","","Historical record only; never rerun","","COMO-FUD-2026-09-25-01","como-follow-up-desk"
"agentRequests","3300001","archive_history","assistant_history","","Historical record only; never rerun","","COMO-FUD-2026-09-25-01","como-follow-up-desk"
"agentRequests","3330001","archive_history","assistant_history","","Historical record only; never rerun","","COMO-FUD-2026-09-25-01","como-follow-up-desk"
"agentRequests","3360001","archive_history","assistant_history","","Historical record only; never rerun","","COMO-FUD-2026-09-25-01","como-follow-up-desk"
"agentRequests","3390001","archive_history","assistant_history","","Historical record only; never rerun","","COMO-FUD-2026-09-25-01","como-follow-up-desk"
"agentRequests","3420001","archive_history","assistant_history","","Historical record only; never rerun","","COMO-FUD-2026-09-25-01","como-follow-up-desk"
"agentRequests","3450001","archive_history","assistant_history","","Historical record only; never rerun","","COMO-FUD-2026-09-25-01","como-follow-up-desk"
"agentRequests","3480001","archive_history","assistant_history","","Historical record only; never rerun","","COMO-FUD-2026-09-25-01","como-follow-up-desk"
"agentRequests","3510001","archive_history","assistant_history","","Historical record only; never rerun","","COMO-FUD-2026-09-25-01","como-follow-up-desk"
"agentRequests","3540001","archive_history","assistant_history","","Historical record only; never rerun","","COMO-FUD-2026-09-25-01","como-follow-up-desk"
"agentRequests","3570001","archive_history","assistant_history","","Historical record only; never rerun","","COMO-FUD-2026-09-25-01","como-follow-up-desk"
"agentRequests","3630001","archive_history","assistant_history","","Historical record only; never rerun","","COMO-FUD-2026-09-25-01","como-follow-up-desk"
"agentRequests","3660001","archive_history","assistant_history","","Historical record only; never rerun","","COMO-FUD-2026-09-25-01","como-follow-up-desk"
"consultantContacts","1","create_child","organization_contacts","","Create under the unverified party candidate with full provenance","","COMO-FUD-2026-09-25-01","como-follow-up-desk"
"consultantContacts","2","create_child","organization_contacts","","Create under the unverified party candidate with full provenance","","COMO-FUD-2026-09-25-01","como-follow-up-desk"
"consultantContacts","3","create_child","organization_contacts","","Create under the unverified party candidate with full provenance","","COMO-FUD-2026-09-25-01","como-follow-up-desk"
"consultantContacts","4","create_child","organization_contacts","","Create under the unverified party candidate with full provenance","","COMO-FUD-2026-09-25-01","como-follow-up-desk"
"consultantContacts","5","create_child","organization_contacts","","Create under the unverified party candidate with full provenance","","COMO-FUD-2026-09-25-01","como-follow-up-desk"
"consultantContacts","6","create_child","organization_contacts","","Create under the unverified party candidate with full provenance","","COMO-FUD-2026-09-25-01","como-follow-up-desk"
"consultantContacts","7","create_child","organization_contacts","","Create under the unverified party candidate with full provenance","","COMO-FUD-2026-09-25-01","como-follow-up-desk"
"consultantContacts","8","create_child","organization_contacts","","Create under the unverified party candidate with full provenance","","COMO-FUD-2026-09-25-01","como-follow-up-desk"
"consultantContacts","9","create_child","organization_contacts","","Create under the unverified party candidate with full provenance","","COMO-FUD-2026-09-25-01","como-follow-up-desk"
"consultantContacts","10","create_child","organization_contacts","","Create under the unverified party candidate with full provenance","","COMO-FUD-2026-09-25-01","como-follow-up-desk"
"consultantContacts","11","create_child","organization_contacts","","Create under the unverified party candidate with full provenance","","COMO-FUD-2026-09-25-01","como-follow-up-desk"
"consultantContacts","12","create_child","organization_contacts","","Create under the unverified party candidate with full provenance","","COMO-FUD-2026-09-25-01","como-follow-up-desk"
"consultantContacts","13","create_child","organization_contacts","","Create under the unverified party candidate with full provenance","","COMO-FUD-2026-09-25-01","como-follow-up-desk"
"consultantContacts","14","create_child","organization_contacts","","Create under the unverified party candidate with full provenance","","COMO-FUD-2026-09-25-01","como-follow-up-desk"
"consultantContacts","15","create_child","organization_contacts","","Create under the unverified party candidate with full provenance","","COMO-FUD-2026-09-25-01","como-follow-up-desk"
"consultantContacts","16","create_child","organization_contacts","","Create under the unverified party candidate with full provenance","","COMO-FUD-2026-09-25-01","como-follow-up-desk"
"consultantContacts","17","create_child","organization_contacts","","Create under the unverified party candidate with full provenance","","COMO-FUD-2026-09-25-01","como-follow-up-desk"
"consultantContacts","18","create_child","organization_contacts","","Create under the unverified party candidate with full provenance","","COMO-FUD-2026-09-25-01","como-follow-up-desk"
"consultantContacts","19","create_child","organization_contacts","","Create under the unverified party candidate with full provenance","","COMO-FUD-2026-09-25-01","como-follow-up-desk"
"consultantContacts","20","create_child","organization_contacts","","Create under the unverified party candidate with full provenance","","COMO-FUD-2026-09-25-01","como-follow-up-desk"
"consultantContacts","21","create_child","organization_contacts","","Create under the unverified party candidate with full provenance","","COMO-FUD-2026-09-25-01","como-follow-up-desk"
"consultantContacts","22","create_child","organization_contacts","","Create under the unverified party candidate with full provenance","","COMO-FUD-2026-09-25-01","como-follow-up-desk"
"consultantContacts","23","create_child","organization_contacts","","Create under the unverified party candidate with full provenance","","COMO-FUD-2026-09-25-01","como-follow-up-desk"
"consultantContacts","30001","create_child","organization_contacts","","Create under the unverified party candidate with full provenance","","COMO-FUD-2026-09-25-01","como-follow-up-desk"
"consultantContacts","60001","create_child","organization_contacts","","Create under the unverified party candidate with full provenance","","COMO-FUD-2026-09-25-01","como-follow-up-desk"
"consultantContacts","90001","create_child","organization_contacts","","Create under the unverified party candidate with full provenance","","COMO-FUD-2026-09-25-01","como-follow-up-desk"
"consultantContacts","90002","create_child","organization_contacts","","Create under the unverified party candidate with full provenance","","COMO-FUD-2026-09-25-01","como-follow-up-desk"
"consultantContacts","120001","create_child","organization_contacts","","Create under approved organization mapping","","COMO-FUD-2026-09-25-01","como-follow-up-desk"
"consultantContacts","120002","create_child","organization_contacts","","Create under the unverified party candidate with full provenance","","COMO-FUD-2026-09-25-01","como-follow-up-desk"
"consultantContacts","120003","create_child","organization_contacts","","Create under the unverified party candidate with full provenance","","COMO-FUD-2026-09-25-01","como-follow-up-desk"
"consultantContacts","150001","create_child","organization_contacts","","Create under the unverified party candidate with full provenance","","COMO-FUD-2026-09-25-01","como-follow-up-desk"
"consultantContacts","150002","create_child","organization_contacts","","Create under the unverified party candidate with full provenance","","COMO-FUD-2026-09-25-01","como-follow-up-desk"
"consultantContacts","180001","create_child","organization_contacts","","Create under approved organization mapping","","COMO-FUD-2026-09-25-01","como-follow-up-desk"
"consultants","1","create_candidate","como_next_parties","","Create an unverified party candidate; do not treat as an appointed consultant","","COMO-FUD-2026-09-25-01","como-follow-up-desk"
"consultants","2","create_candidate","como_next_parties","","Create an unverified party candidate; do not treat as an appointed consultant","","COMO-FUD-2026-09-25-01","como-follow-up-desk"
"consultants","3","create_candidate","como_next_parties","","Create an unverified party candidate; do not treat as an appointed consultant","","COMO-FUD-2026-09-25-01","como-follow-up-desk"
"consultants","4","create_candidate","como_next_parties","","Create an unverified party candidate; do not treat as an appointed consultant","","COMO-FUD-2026-09-25-01","como-follow-up-desk"
"consultants","5","create_candidate","como_next_parties","","Create an unverified party candidate; do not treat as an appointed consultant","","COMO-FUD-2026-09-25-01","como-follow-up-desk"
"consultants","6","create_candidate","como_next_parties","","Create an unverified party candidate; do not treat as an appointed consultant","","COMO-FUD-2026-09-25-01","como-follow-up-desk"
"consultants","7","create_candidate","como_next_parties","","Create an unverified party candidate; do not treat as an appointed consultant","","COMO-FUD-2026-09-25-01","como-follow-up-desk"
"consultants","8","create_candidate","como_next_parties","","Create an unverified party candidate; do not treat as an appointed consultant","","COMO-FUD-2026-09-25-01","como-follow-up-desk"
"consultants","9","create_candidate","como_next_parties","","Create an unverified party candidate; do not treat as an appointed consultant","","COMO-FUD-2026-09-25-01","como-follow-up-desk"
"consultants","10","create_candidate","como_next_parties","","Create an unverified party candidate; do not treat as an appointed consultant","","COMO-FUD-2026-09-25-01","como-follow-up-desk"
"consultants","11","create_candidate","como_next_parties","","Create an unverified party candidate; do not treat as an appointed consultant","","COMO-FUD-2026-09-25-01","como-follow-up-desk"
"consultants","12","create_candidate","como_next_parties","","Create an unverified party candidate; do not treat as an appointed consultant","","COMO-FUD-2026-09-25-01","como-follow-up-desk"
"consultants","13","create_candidate","como_next_parties","","Create an unverified party candidate; do not treat as an appointed consultant","","COMO-FUD-2026-09-25-01","como-follow-up-desk"
"consultants","30001","map_existing","como_next_parties","5","Approved consultant mapping","","COMO-FUD-2026-09-25-01","como-follow-up-desk"
"consultants","30002","create_candidate","como_next_parties","","Create an unverified party candidate; do not treat as an appointed consultant","","COMO-FUD-2026-09-25-01","como-follow-up-desk"
"consultants","60001","map_existing","como_next_parties","2","Approved consultant mapping","","COMO-FUD-2026-09-25-01","como-follow-up-desk"
"followUpTasks","1","blocked","como_next_work_files","","Parent project mapping is not approved","projects:1","COMO-FUD-2026-09-25-01","como-follow-up-desk"
"followUpTasks","2","blocked","como_next_work_files","","Parent project mapping is not approved","projects:1","COMO-FUD-2026-09-25-01","como-follow-up-desk"
"followUpTasks","3","blocked","como_next_work_files","","Parent project mapping is not approved","projects:1","COMO-FUD-2026-09-25-01","como-follow-up-desk"
"followUpTasks","4","blocked","como_next_work_files","","Parent project mapping is not approved","projects:1","COMO-FUD-2026-09-25-01","como-follow-up-desk"
"followUpTasks","5","blocked","como_next_work_files","","Parent project mapping is not approved","projects:1","COMO-FUD-2026-09-25-01","como-follow-up-desk"
"followUpTasks","6","create_work_file","como_next_work_files","","Create a staged work file under project 6","","COMO-FUD-2026-09-25-01","como-follow-up-desk"
"followUpTasks","30001","blocked","como_next_work_files","","Parent project mapping is not approved","projects:1","COMO-FUD-2026-09-25-01","como-follow-up-desk"
"followUpTasks","60001","blocked","como_next_work_files","","Parent project mapping is not approved","projects:30001","COMO-FUD-2026-09-25-01","como-follow-up-desk"
"followUpTasks","90001","blocked","como_next_work_files","","Parent project mapping is not approved","projects:1","COMO-FUD-2026-09-25-01","como-follow-up-desk"
"followUpTasks","120001","blocked","como_next_work_files","","Parent project mapping is not approved","projects:1","COMO-FUD-2026-09-25-01","como-follow-up-desk"
"followUpTasks","150001","blocked","como_next_work_files","","Parent project mapping is not approved","projects:1","COMO-FUD-2026-09-25-01","como-follow-up-desk"
"followUpTasks","240001","create_work_file","como_next_work_files","","Create a staged work file under project 6","","COMO-FUD-2026-09-25-01","como-follow-up-desk"
"meetingAgendaItems","1","create_child","como_next_meetingAgendaItems","","Create only after parent meeting mapping resolves","","COMO-FUD-2026-09-25-01","como-follow-up-desk"
"meetingAgendaItems","2","create_child","como_next_meetingAgendaItems","","Create only after parent meeting mapping resolves","","COMO-FUD-2026-09-25-01","como-follow-up-desk"
"meetingAgendaItems","3","create_child","como_next_meetingAgendaItems","","Create only after parent meeting mapping resolves","","COMO-FUD-2026-09-25-01","como-follow-up-desk"
"meetingAgendaItems","4","create_child","como_next_meetingAgendaItems","","Create only after parent meeting mapping resolves","","COMO-FUD-2026-09-25-01","como-follow-up-desk"
"meetingAgendaItems","5","create_child","como_next_meetingAgendaItems","","Create only after parent meeting mapping resolves","","COMO-FUD-2026-09-25-01","como-follow-up-desk"
"meetingAgendaItems","6","create_child","como_next_meetingAgendaItems","","Create only after parent meeting mapping resolves","","COMO-FUD-2026-09-25-01","como-follow-up-desk"
"meetingAgendaItems","7","create_child","como_next_meetingAgendaItems","","Create only after parent meeting mapping resolves","","COMO-FUD-2026-09-25-01","como-follow-up-desk"
"meetingAgendaItems","8","create_child","como_next_meetingAgendaItems","","Create only after parent meeting mapping resolves","","COMO-FUD-2026-09-25-01","como-follow-up-desk"
"meetingAgendaItems","9","create_child","como_next_meetingAgendaItems","","Create only after parent meeting mapping resolves","","COMO-FUD-2026-09-25-01","como-follow-up-desk"
"meetingAgendaItems","10","create_child","como_next_meetingAgendaItems","","Create only after parent meeting mapping resolves","","COMO-FUD-2026-09-25-01","como-follow-up-desk"
"meetingAgendaItems","11","create_child","como_next_meetingAgendaItems","","Create only after parent meeting mapping resolves","","COMO-FUD-2026-09-25-01","como-follow-up-desk"
"meetingAgendaItems","12","create_child","como_next_meetingAgendaItems","","Create only after parent meeting mapping resolves","","COMO-FUD-2026-09-25-01","como-follow-up-desk"
"meetingAgendaItems","13","create_child","como_next_meetingAgendaItems","","Create only after parent meeting mapping resolves","","COMO-FUD-2026-09-25-01","como-follow-up-desk"
"meetingAgendaItems","30001","create_child","como_next_meetingAgendaItems","","Create only after parent meeting mapping resolves","","COMO-FUD-2026-09-25-01","como-follow-up-desk"
"meetingAgendaItems","30002","create_child","como_next_meetingAgendaItems","","Create only after parent meeting mapping resolves","","COMO-FUD-2026-09-25-01","como-follow-up-desk"
"meetingAgendaItems","30003","create_child","como_next_meetingAgendaItems","","Create only after parent meeting mapping resolves","","COMO-FUD-2026-09-25-01","como-follow-up-desk"
"meetingAgendaItems","30004","create_child","como_next_meetingAgendaItems","","Create only after parent meeting mapping resolves","","COMO-FUD-2026-09-25-01","como-follow-up-desk"
"meetingAgendaItems","30005","create_child","como_next_meetingAgendaItems","","Create only after parent meeting mapping resolves","","COMO-FUD-2026-09-25-01","como-follow-up-desk"
"meetingAgendaItems","30006","create_child","como_next_meetingAgendaItems","","Create only after parent meeting mapping resolves","","COMO-FUD-2026-09-25-01","como-follow-up-desk"
"meetingAgendaItems","30007","create_child","como_next_meetingAgendaItems","","Create only after parent meeting mapping resolves","","COMO-FUD-2026-09-25-01","como-follow-up-desk"
"meetingAgendaItems","60001","create_child","como_next_meetingAgendaItems","","Create only after parent meeting mapping resolves","","COMO-FUD-2026-09-25-01","como-follow-up-desk"
"meetingAgendaItems","60002","create_child","como_next_meetingAgendaItems","","Create only after parent meeting mapping resolves","","COMO-FUD-2026-09-25-01","como-follow-up-desk"
"meetingAgendaItems","60003","create_child","como_next_meetingAgendaItems","","Create only after parent meeting mapping resolves","","COMO-FUD-2026-09-25-01","como-follow-up-desk"
"meetingAgendaItems","60004","create_child","como_next_meetingAgendaItems","","Create only after parent meeting mapping resolves","","COMO-FUD-2026-09-25-01","como-follow-up-desk"
"meetingAgendaItems","60005","create_child","como_next_meetingAgendaItems","","Create only after parent meeting mapping resolves","","COMO-FUD-2026-09-25-01","como-follow-up-desk"
"meetingAgendaItems","60006","create_child","como_next_meetingAgendaItems","","Create only after parent meeting mapping resolves","","COMO-FUD-2026-09-25-01","como-follow-up-desk"
"meetingAgendaItems","60007","create_child","como_next_meetingAgendaItems","","Create only after parent meeting mapping resolves","","COMO-FUD-2026-09-25-01","como-follow-up-desk"
"meetingAgendaItems","60008","create_child","como_next_meetingAgendaItems","","Create only after parent meeting mapping resolves","","COMO-FUD-2026-09-25-01","como-follow-up-desk"
"meetingAgendaItems","60009","create_child","como_next_meetingAgendaItems","","Create only after parent meeting mapping resolves","","COMO-FUD-2026-09-25-01","como-follow-up-desk"
"meetingAgendaItems","60010","create_child","como_next_meetingAgendaItems","","Create only after parent meeting mapping resolves","","COMO-FUD-2026-09-25-01","como-follow-up-desk"
"meetingAgendaItems","60011","create_child","como_next_meetingAgendaItems","","Create only after parent meeting mapping resolves","","COMO-FUD-2026-09-25-01","como-follow-up-desk"
"meetingAgendaItems","60012","create_child","como_next_meetingAgendaItems","","Create only after parent meeting mapping resolves","","COMO-FUD-2026-09-25-01","como-follow-up-desk"
"meetingAgendaItems","60013","create_child","como_next_meetingAgendaItems","","Create only after parent meeting mapping resolves","","COMO-FUD-2026-09-25-01","como-follow-up-desk"
"meetingAgendaItems","60014","create_child","como_next_meetingAgendaItems","","Create only after parent meeting mapping resolves","","COMO-FUD-2026-09-25-01","como-follow-up-desk"
"meetingAgendaItems","60015","create_child","como_next_meetingAgendaItems","","Create only after parent meeting mapping resolves","","COMO-FUD-2026-09-25-01","como-follow-up-desk"
"meetingAgendaItems","60016","create_child","como_next_meetingAgendaItems","","Create only after parent meeting mapping resolves","","COMO-FUD-2026-09-25-01","como-follow-up-desk"
"meetingAgendaItems","60017","create_child","como_next_meetingAgendaItems","","Create only after parent meeting mapping resolves","","COMO-FUD-2026-09-25-01","como-follow-up-desk"
"meetingAgendaItems","60018","create_child","como_next_meetingAgendaItems","","Create only after parent meeting mapping resolves","","COMO-FUD-2026-09-25-01","como-follow-up-desk"
"meetingAgendaItems","60019","create_child","como_next_meetingAgendaItems","","Create only after parent meeting mapping resolves","","COMO-FUD-2026-09-25-01","como-follow-up-desk"
"meetingAgendaItems","60020","create_child","como_next_meetingAgendaItems","","Create only after parent meeting mapping resolves","","COMO-FUD-2026-09-25-01","como-follow-up-desk"
"meetingAgendaItems","60021","create_child","como_next_meetingAgendaItems","","Create only after parent meeting mapping resolves","","COMO-FUD-2026-09-25-01","como-follow-up-desk"
"meetingAgendaItems","60022","create_child","como_next_meetingAgendaItems","","Create only after parent meeting mapping resolves","","COMO-FUD-2026-09-25-01","como-follow-up-desk"
"meetingAgendaItems","60023","create_child","como_next_meetingAgendaItems","","Create only after parent meeting mapping resolves","","COMO-FUD-2026-09-25-01","como-follow-up-desk"
"meetingAgendaItems","60024","create_child","como_next_meetingAgendaItems","","Create only after parent meeting mapping resolves","","COMO-FUD-2026-09-25-01","como-follow-up-desk"
"meetingAgendaItems","60025","create_child","como_next_meetingAgendaItems","","Create only after parent meeting mapping resolves","","COMO-FUD-2026-09-25-01","como-follow-up-desk"
"meetingAgendaItems","60026","create_child","como_next_meetingAgendaItems","","Create only after parent meeting mapping resolves","","COMO-FUD-2026-09-25-01","como-follow-up-desk"
"meetingAgendaItems","60027","create_child","como_next_meetingAgendaItems","","Create only after parent meeting mapping resolves","","COMO-FUD-2026-09-25-01","como-follow-up-desk"
"meetingAgendaItems","60028","create_child","como_next_meetingAgendaItems","","Create only after parent meeting mapping resolves","","COMO-FUD-2026-09-25-01","como-follow-up-desk"
"meetingAgendaItems","60029","create_child","como_next_meetingAgendaItems","","Create only after parent meeting mapping resolves","","COMO-FUD-2026-09-25-01","como-follow-up-desk"
"meetingAgendaItems","60030","create_child","como_next_meetingAgendaItems","","Create only after parent meeting mapping resolves","","COMO-FUD-2026-09-25-01","como-follow-up-desk"
"meetingAgendaItems","60031","create_child","como_next_meetingAgendaItems","","Create only after parent meeting mapping resolves","","COMO-FUD-2026-09-25-01","como-follow-up-desk"
"meetingAgendaItems","60032","create_child","como_next_meetingAgendaItems","","Create only after parent meeting mapping resolves","","COMO-FUD-2026-09-25-01","como-follow-up-desk"
"meetingAgendaItems","60033","create_child","como_next_meetingAgendaItems","","Create only after parent meeting mapping resolves","","COMO-FUD-2026-09-25-01","como-follow-up-desk"
"meetingAgendaItems","60034","create_child","como_next_meetingAgendaItems","","Create only after parent meeting mapping resolves","","COMO-FUD-2026-09-25-01","como-follow-up-desk"
"meetingAgendaItems","60035","create_child","como_next_meetingAgendaItems","","Create only after parent meeting mapping resolves","","COMO-FUD-2026-09-25-01","como-follow-up-desk"
"meetingAgendaItems","60036","create_child","como_next_meetingAgendaItems","","Create only after parent meeting mapping resolves","","COMO-FUD-2026-09-25-01","como-follow-up-desk"
"meetingAgendaItems","60037","create_child","como_next_meetingAgendaItems","","Create only after parent meeting mapping resolves","","COMO-FUD-2026-09-25-01","como-follow-up-desk"
"meetingAgendaItems","60038","create_child","como_next_meetingAgendaItems","","Create only after parent meeting mapping resolves","","COMO-FUD-2026-09-25-01","como-follow-up-desk"
"meetingAgendaItems","60039","create_child","como_next_meetingAgendaItems","","Create only after parent meeting mapping resolves","","COMO-FUD-2026-09-25-01","como-follow-up-desk"
"meetingAgendaItems","60040","create_child","como_next_meetingAgendaItems","","Create only after parent meeting mapping resolves","","COMO-FUD-2026-09-25-01","como-follow-up-desk"
"meetingAgendaItems","60041","create_child","como_next_meetingAgendaItems","","Create only after parent meeting mapping resolves","","COMO-FUD-2026-09-25-01","como-follow-up-desk"
"meetingAgendaItems","60042","create_child","como_next_meetingAgendaItems","","Create only after parent meeting mapping resolves","","COMO-FUD-2026-09-25-01","como-follow-up-desk"
"meetingAgendaItems","60043","create_child","como_next_meetingAgendaItems","","Create only after parent meeting mapping resolves","","COMO-FUD-2026-09-25-01","como-follow-up-desk"
"meetingAgendaItems","60044","create_child","como_next_meetingAgendaItems","","Create only after parent meeting mapping resolves","","COMO-FUD-2026-09-25-01","como-follow-up-desk"
"meetingAgendaItems","60045","create_child","como_next_meetingAgendaItems","","Create only after parent meeting mapping resolves","","COMO-FUD-2026-09-25-01","como-follow-up-desk"
"meetingAgendaItems","60046","create_child","como_next_meetingAgendaItems","","Create only after parent meeting mapping resolves","","COMO-FUD-2026-09-25-01","como-follow-up-desk"
"meetingAgendaItems","60047","create_child","como_next_meetingAgendaItems","","Create only after parent meeting mapping resolves","","COMO-FUD-2026-09-25-01","como-follow-up-desk"
"meetingAgendaItems","60048","create_child","como_next_meetingAgendaItems","","Create only after parent meeting mapping resolves","","COMO-FUD-2026-09-25-01","como-follow-up-desk"
"meetingAgendaItems","60049","create_child","como_next_meetingAgendaItems","","Create only after parent meeting mapping resolves","","COMO-FUD-2026-09-25-01","como-follow-up-desk"
"meetingAgendaItems","60050","create_child","como_next_meetingAgendaItems","","Create only after parent meeting mapping resolves","","COMO-FUD-2026-09-25-01","como-follow-up-desk"
"meetingAgendaItems","60051","create_child","como_next_meetingAgendaItems","","Create only after parent meeting mapping resolves","","COMO-FUD-2026-09-25-01","como-follow-up-desk"
"meetingAgendaItems","60052","create_child","como_next_meetingAgendaItems","","Create only after parent meeting mapping resolves","","COMO-FUD-2026-09-25-01","como-follow-up-desk"
"meetingAgendaItems","60053","create_child","como_next_meetingAgendaItems","","Create only after parent meeting mapping resolves","","COMO-FUD-2026-09-25-01","como-follow-up-desk"
"meetingAgendaItems","60054","create_child","como_next_meetingAgendaItems","","Create only after parent meeting mapping resolves","","COMO-FUD-2026-09-25-01","como-follow-up-desk"
"meetingAgendaItems","60055","create_child","como_next_meetingAgendaItems","","Create only after parent meeting mapping resolves","","COMO-FUD-2026-09-25-01","como-follow-up-desk"
"meetingAgendaItems","60056","create_child","como_next_meetingAgendaItems","","Create only after parent meeting mapping resolves","","COMO-FUD-2026-09-25-01","como-follow-up-desk"
"meetingAgendaItems","60057","create_child","como_next_meetingAgendaItems","","Create only after parent meeting mapping resolves","","COMO-FUD-2026-09-25-01","como-follow-up-desk"
"meetingAgendaItems","60058","create_child","como_next_meetingAgendaItems","","Create only after parent meeting mapping resolves","","COMO-FUD-2026-09-25-01","como-follow-up-desk"
"meetingAgendaItems","60059","create_child","como_next_meetingAgendaItems","","Create only after parent meeting mapping resolves","","COMO-FUD-2026-09-25-01","como-follow-up-desk"
"meetingAgendaItems","60060","create_child","como_next_meetingAgendaItems","","Create only after parent meeting mapping resolves","","COMO-FUD-2026-09-25-01","como-follow-up-desk"
"meetingAgendaItems","60061","create_child","como_next_meetingAgendaItems","","Create only after parent meeting mapping resolves","","COMO-FUD-2026-09-25-01","como-follow-up-desk"
"meetingAgendaItems","60062","create_child","como_next_meetingAgendaItems","","Create only after parent meeting mapping resolves","","COMO-FUD-2026-09-25-01","como-follow-up-desk"
"meetingAgendaItems","60063","create_child","como_next_meetingAgendaItems","","Create only after parent meeting mapping resolves","","COMO-FUD-2026-09-25-01","como-follow-up-desk"
"meetingAgendaItems","60064","create_child","como_next_meetingAgendaItems","","Create only after parent meeting mapping resolves","","COMO-FUD-2026-09-25-01","como-follow-up-desk"
"meetingAgendaItems","60065","create_child","como_next_meetingAgendaItems","","Create only after parent meeting mapping resolves","","COMO-FUD-2026-09-25-01","como-follow-up-desk"
"meetingAgendaItems","60066","create_child","como_next_meetingAgendaItems","","Create only after parent meeting mapping resolves","","COMO-FUD-2026-09-25-01","como-follow-up-desk"
"meetingAgendaItems","60067","create_child","como_next_meetingAgendaItems","","Create only after parent meeting mapping resolves","","COMO-FUD-2026-09-25-01","como-follow-up-desk"
"meetingAgendaItems","60068","create_child","como_next_meetingAgendaItems","","Create only after parent meeting mapping resolves","","COMO-FUD-2026-09-25-01","como-follow-up-desk"
"meetingAgendaItems","60069","create_child","como_next_meetingAgendaItems","","Create only after parent meeting mapping resolves","","COMO-FUD-2026-09-25-01","como-follow-up-desk"
"meetingAgendaItems","60070","create_child","como_next_meetingAgendaItems","","Create only after parent meeting mapping resolves","","COMO-FUD-2026-09-25-01","como-follow-up-desk"
"meetingAgendaItems","60071","create_child","como_next_meetingAgendaItems","","Create only after parent meeting mapping resolves","","COMO-FUD-2026-09-25-01","como-follow-up-desk"
"meetingAgendaItems","60072","create_child","como_next_meetingAgendaItems","","Create only after parent meeting mapping resolves","","COMO-FUD-2026-09-25-01","como-follow-up-desk"
"meetingAgendaItems","60073","create_child","como_next_meetingAgendaItems","","Create only after parent meeting mapping resolves","","COMO-FUD-2026-09-25-01","como-follow-up-desk"
"meetingAgendaItems","60074","create_child","como_next_meetingAgendaItems","","Create only after parent meeting mapping resolves","","COMO-FUD-2026-09-25-01","como-follow-up-desk"
"meetingAgendaItems","60075","create_child","como_next_meetingAgendaItems","","Create only after parent meeting mapping resolves","","COMO-FUD-2026-09-25-01","como-follow-up-desk"
"meetingAgendaItems","60076","create_child","como_next_meetingAgendaItems","","Create only after parent meeting mapping resolves","","COMO-FUD-2026-09-25-01","como-follow-up-desk"
"meetingAgendaItems","60077","create_child","como_next_meetingAgendaItems","","Create only after parent meeting mapping resolves","","COMO-FUD-2026-09-25-01","como-follow-up-desk"
"meetingAgendaItems","60078","create_child","como_next_meetingAgendaItems","","Create only after parent meeting mapping resolves","","COMO-FUD-2026-09-25-01","como-follow-up-desk"
"meetingAgendaItems","60079","create_child","como_next_meetingAgendaItems","","Create only after parent meeting mapping resolves","","COMO-FUD-2026-09-25-01","como-follow-up-desk"
"meetingAgendaItems","60080","create_child","como_next_meetingAgendaItems","","Create only after parent meeting mapping resolves","","COMO-FUD-2026-09-25-01","como-follow-up-desk"
"meetingAgendaItems","60081","create_child","como_next_meetingAgendaItems","","Create only after parent meeting mapping resolves","","COMO-FUD-2026-09-25-01","como-follow-up-desk"
"meetingAgendaItems","60082","create_child","como_next_meetingAgendaItems","","Create only after parent meeting mapping resolves","","COMO-FUD-2026-09-25-01","como-follow-up-desk"
"meetingAgendaItems","60083","create_child","como_next_meetingAgendaItems","","Create only after parent meeting mapping resolves","","COMO-FUD-2026-09-25-01","como-follow-up-desk"
"meetingAgendaItems","60084","create_child","como_next_meetingAgendaItems","","Create only after parent meeting mapping resolves","","COMO-FUD-2026-09-25-01","como-follow-up-desk"
"meetingAgendaItems","60085","create_child","como_next_meetingAgendaItems","","Create only after parent meeting mapping resolves","","COMO-FUD-2026-09-25-01","como-follow-up-desk"
"meetingAgendaItems","90001","create_child","como_next_meetingAgendaItems","","Create only after parent meeting mapping resolves","","COMO-FUD-2026-09-25-01","como-follow-up-desk"
"meetingAgendaItems","90002","create_child","como_next_meetingAgendaItems","","Create only after parent meeting mapping resolves","","COMO-FUD-2026-09-25-01","como-follow-up-desk"
"meetingAgendaItems","90003","create_child","como_next_meetingAgendaItems","","Create only after parent meeting mapping resolves","","COMO-FUD-2026-09-25-01","como-follow-up-desk"
"meetingAgendaItems","90004","create_child","como_next_meetingAgendaItems","","Create only after parent meeting mapping resolves","","COMO-FUD-2026-09-25-01","como-follow-up-desk"
"meetingAgendaItems","90005","create_child","como_next_meetingAgendaItems","","Create only after parent meeting mapping resolves","","COMO-FUD-2026-09-25-01","como-follow-up-desk"
"meetingAgendaItems","90006","create_child","como_next_meetingAgendaItems","","Create only after parent meeting mapping resolves","","COMO-FUD-2026-09-25-01","como-follow-up-desk"
"meetingAgendaItems","90007","create_child","como_next_meetingAgendaItems","","Create only after parent meeting mapping resolves","","COMO-FUD-2026-09-25-01","como-follow-up-desk"
"meetingAgendaItems","90008","create_child","como_next_meetingAgendaItems","","Create only after parent meeting mapping resolves","","COMO-FUD-2026-09-25-01","como-follow-up-desk"
"meetingLogEntries","1","create_child","como_next_meetingLogEntries","","Create only after parent meeting mapping resolves","","COMO-FUD-2026-09-25-01","como-follow-up-desk"
"meetingParticipants","1","create_child","como_next_meetingParticipants","","Create only after parent meeting mapping resolves","","COMO-FUD-2026-09-25-01","como-follow-up-desk"
"meetingParticipants","2","create_child","como_next_meetingParticipants","","Create only after parent meeting mapping resolves","","COMO-FUD-2026-09-25-01","como-follow-up-desk"
"meetingParticipants","3","create_child","como_next_meetingParticipants","","Create only after parent meeting mapping resolves","","COMO-FUD-2026-09-25-01","como-follow-up-desk"
"meetingParticipants","30001","create_child","como_next_meetingParticipants","","Create only after parent meeting mapping resolves","","COMO-FUD-2026-09-25-01","como-follow-up-desk"
"meetingParticipants","30002","create_child","como_next_meetingParticipants","","Create only after parent meeting mapping resolves","","COMO-FUD-2026-09-25-01","como-follow-up-desk"
"meetingParticipants","120001","create_child","como_next_meetingParticipants","","Create only after parent meeting mapping resolves","","COMO-FUD-2026-09-25-01","como-follow-up-desk"
"meetingParticipants","120002","create_child","como_next_meetingParticipants","","Create only after parent meeting mapping resolves","","COMO-FUD-2026-09-25-01","como-follow-up-desk"
"meetingParticipants","120003","create_child","como_next_meetingParticipants","","Create only after parent meeting mapping resolves","","COMO-FUD-2026-09-25-01","como-follow-up-desk"
"meetingParticipants","120004","create_child","como_next_meetingParticipants","","Create only after parent meeting mapping resolves","","COMO-FUD-2026-09-25-01","como-follow-up-desk"
"meetingParticipants","120005","create_child","como_next_meetingParticipants","","Create only after parent meeting mapping resolves","","COMO-FUD-2026-09-25-01","como-follow-up-desk"
"meetingParticipants","120006","create_child","como_next_meetingParticipants","","Create only after parent meeting mapping resolves","","COMO-FUD-2026-09-25-01","como-follow-up-desk"
"meetingParticipants","120007","create_child","como_next_meetingParticipants","","Create only after parent meeting mapping resolves","","COMO-FUD-2026-09-25-01","como-follow-up-desk"
"meetingParticipants","120008","create_child","como_next_meetingParticipants","","Create only after parent meeting mapping resolves","","COMO-FUD-2026-09-25-01","como-follow-up-desk"
"meetingParticipants","120009","create_child","como_next_meetingParticipants","","Create only after parent meeting mapping resolves","","COMO-FUD-2026-09-25-01","como-follow-up-desk"
"meetingParticipants","150001","create_child","como_next_meetingParticipants","","Create only after parent meeting mapping resolves","","COMO-FUD-2026-09-25-01","como-follow-up-desk"
"meetingPreparationSources","1","create_child","como_next_meetingPreparationSources","","Create only after parent meeting mapping resolves","","COMO-FUD-2026-09-25-01","como-follow-up-desk"
"meetingVersions","1","create_child","como_next_meetingVersions","","Create only after parent meeting mapping resolves","","COMO-FUD-2026-09-25-01","como-follow-up-desk"
"meetingVersions","30001","create_child","como_next_meetingVersions","","Create only after parent meeting mapping resolves","","COMO-FUD-2026-09-25-01","como-follow-up-desk"
"meetings","1","create_meeting","como_next_meetings","","Create staged meeting linked to the mapped project and work file","","COMO-FUD-2026-09-25-01","como-follow-up-desk"
"meetings","30001","blocked","como_next_meetings","","Project or parent work file is blocked","projects:1","COMO-FUD-2026-09-25-01","como-follow-up-desk"
"meetings","60001","blocked","como_next_meetings","","Project or parent work file is blocked","projects:1","COMO-FUD-2026-09-25-01","como-follow-up-desk"
"meetings","90001","blocked","como_next_meetings","","Project or parent work file is blocked","projects:1","COMO-FUD-2026-09-25-01","como-follow-up-desk"
"projectConsultants","1","create_child","project_organizations","","Create under the unverified party candidate with full provenance","","COMO-FUD-2026-09-25-01","como-follow-up-desk"
"projectConsultants","2","create_child","project_organizations","","Create under the unverified party candidate with full provenance","","COMO-FUD-2026-09-25-01","como-follow-up-desk"
"projectConsultants","3","create_child","project_organizations","","Create under the unverified party candidate with full provenance","","COMO-FUD-2026-09-25-01","como-follow-up-desk"
"projectConsultants","4","create_child","project_organizations","","Create under the unverified party candidate with full provenance","","COMO-FUD-2026-09-25-01","como-follow-up-desk"
"projectConsultants","5","create_child","project_organizations","","Create under the unverified party candidate with full provenance","","COMO-FUD-2026-09-25-01","como-follow-up-desk"
"projectConsultants","6","create_child","project_organizations","","Create under the unverified party candidate with full provenance","","COMO-FUD-2026-09-25-01","como-follow-up-desk"
"projectConsultants","7","create_child","project_organizations","","Create under the unverified party candidate with full provenance","","COMO-FUD-2026-09-25-01","como-follow-up-desk"
"projectConsultants","8","create_child","project_organizations","","Create under the unverified party candidate with full provenance","","COMO-FUD-2026-09-25-01","como-follow-up-desk"
"projectConsultants","9","create_child","project_organizations","","Create under the unverified party candidate with full provenance","","COMO-FUD-2026-09-25-01","como-follow-up-desk"
"projectConsultants","10","create_child","project_organizations","","Create under the unverified party candidate with full provenance","","COMO-FUD-2026-09-25-01","como-follow-up-desk"
"projectConsultants","11","create_child","project_organizations","","Create under the unverified party candidate with full provenance","","COMO-FUD-2026-09-25-01","como-follow-up-desk"
"projectConsultants","12","create_child","project_organizations","","Create under the unverified party candidate with full provenance","","COMO-FUD-2026-09-25-01","como-follow-up-desk"
"projectConsultants","13","create_child","project_organizations","","Create under the unverified party candidate with full provenance","","COMO-FUD-2026-09-25-01","como-follow-up-desk"
"projectConsultants","30001","create_child","project_organizations","","Create under approved organization mapping","","COMO-FUD-2026-09-25-01","como-follow-up-desk"
"projectConsultants","30002","create_child","project_organizations","","Create under the unverified party candidate with full provenance","","COMO-FUD-2026-09-25-01","como-follow-up-desk"
"projectConsultants","60001","create_child","project_organizations","","Create under approved organization mapping","","COMO-FUD-2026-09-25-01","como-follow-up-desk"
"projects","1","blocked","projects","","Project mapping requires owner decision","projects:1","COMO-FUD-2026-09-25-01","como-follow-up-desk"
"projects","2","map_existing","projects","6","Approved project mapping","","COMO-FUD-2026-09-25-01","como-follow-up-desk"
"projects","30001","blocked","projects","","Project mapping requires owner decision","projects:30001","COMO-FUD-2026-09-25-01","como-follow-up-desk"
"saraBriefingDeliveries","1","archive_history","assistant_history","","Historical record only; never rerun","","COMO-FUD-2026-09-25-01","como-follow-up-desk"
"saraBriefingDeliveries","60001","archive_history","assistant_history","","Historical record only; never rerun","","COMO-FUD-2026-09-25-01","como-follow-up-desk"
"saraBriefingDeliveries","180001","archive_history","assistant_history","","Historical record only; never rerun","","COMO-FUD-2026-09-25-01","como-follow-up-desk"
"saraBriefingDeliveries","270001","archive_history","assistant_history","","Historical record only; never rerun","","COMO-FUD-2026-09-25-01","como-follow-up-desk"
"saraBriefingDeliveries","420001","archive_history","assistant_history","","Historical record only; never rerun","","COMO-FUD-2026-09-25-01","como-follow-up-desk"
"saraBriefingDeliveries","510001","archive_history","assistant_history","","Historical record only; never rerun","","COMO-FUD-2026-09-25-01","como-follow-up-desk"
"saraBriefingDeliveries","540001","archive_history","assistant_history","","Historical record only; never rerun","","COMO-FUD-2026-09-25-01","como-follow-up-desk"
"saraBriefingDeliveries","780001","archive_history","assistant_history","","Historical record only; never rerun","","COMO-FUD-2026-09-25-01","como-follow-up-desk"
"saraBriefingDeliveries","840001","archive_history","assistant_history","","Historical record only; never rerun","","COMO-FUD-2026-09-25-01","como-follow-up-desk"
"saraBriefingDeliveries","1140001","archive_history","assistant_history","","Historical record only; never rerun","","COMO-FUD-2026-09-25-01","como-follow-up-desk"
"saraBriefingSchedules","1","skip_reference","disabled_automation_reference","","Automation remains disabled and is not copied live","","COMO-FUD-2026-09-25-01","como-follow-up-desk"
"saraBriefingSnapshots","2","archive_history","assistant_history","","Historical record only; never rerun","","COMO-FUD-2026-09-25-01","como-follow-up-desk"
"saraBriefingSnapshots","60001","archive_history","assistant_history","","Historical record only; never rerun","","COMO-FUD-2026-09-25-01","como-follow-up-desk"
"saraBriefingSnapshots","240001","archive_history","assistant_history","","Historical record only; never rerun","","COMO-FUD-2026-09-25-01","como-follow-up-desk"
"saraBriefingSnapshots","300001","archive_history","assistant_history","","Historical record only; never rerun","","COMO-FUD-2026-09-25-01","como-follow-up-desk"
"saraBriefingSnapshots","630001","archive_history","assistant_history","","Historical record only; never rerun","","COMO-FUD-2026-09-25-01","como-follow-up-desk"
"saraBriefingSnapshots","930001","archive_history","assistant_history","","Historical record only; never rerun","","COMO-FUD-2026-09-25-01","como-follow-up-desk"
"saraBriefingSnapshots","1560001","archive_history","assistant_history","","Historical record only; never rerun","","COMO-FUD-2026-09-25-01","como-follow-up-desk"
"saraBriefingSnapshots","2040001","archive_history","assistant_history","","Historical record only; never rerun","","COMO-FUD-2026-09-25-01","como-follow-up-desk"
"saraBriefingSnapshots","2220001","archive_history","assistant_history","","Historical record only; never rerun","","COMO-FUD-2026-09-25-01","como-follow-up-desk"
"saraBriefingSnapshots","2700001","archive_history","assistant_history","","Historical record only; never rerun","","COMO-FUD-2026-09-25-01","como-follow-up-desk"
"saraBriefingSnapshots","3120001","archive_history","assistant_history","","Historical record only; never rerun","","COMO-FUD-2026-09-25-01","como-follow-up-desk"
"saraBriefingSnapshots","3540001","archive_history","assistant_history","","Historical record only; never rerun","","COMO-FUD-2026-09-25-01","como-follow-up-desk"
"saraBriefingSnapshots","3750001","archive_history","assistant_history","","Historical record only; never rerun","","COMO-FUD-2026-09-25-01","como-follow-up-desk"
"taskActivities","1","blocked","como_next_work_file_events","","Parent work file is blocked","followUpTasks:3","COMO-FUD-2026-09-25-01","como-follow-up-desk"
"taskActivities","30001","create_event","como_next_work_file_events","","Create under the staged parent work file with provenance","","COMO-FUD-2026-09-25-01","como-follow-up-desk"
"taskActivities","60001","blocked","como_next_work_file_events","","Parent work file is blocked","followUpTasks:1","COMO-FUD-2026-09-25-01","como-follow-up-desk"
"taskActivities","60002","blocked","como_next_work_file_events","","Parent work file is blocked","followUpTasks:1","COMO-FUD-2026-09-25-01","como-follow-up-desk"
"taskActivities","90001","blocked","como_next_work_file_events","","Parent work file is blocked","followUpTasks:1","COMO-FUD-2026-09-25-01","como-follow-up-desk"
"taskActivities","90002","blocked","como_next_work_file_events","","Parent work file is blocked","followUpTasks:1","COMO-FUD-2026-09-25-01","como-follow-up-desk"
"taskActivities","90003","blocked","como_next_work_file_events","","Parent work file is blocked","followUpTasks:1","COMO-FUD-2026-09-25-01","como-follow-up-desk"
"taskActivities","90004","blocked","como_next_work_file_events","","Parent work file is blocked","followUpTasks:1","COMO-FUD-2026-09-25-01","como-follow-up-desk"
"taskActivities","90005","blocked","como_next_work_file_events","","Parent work file is blocked","followUpTasks:2","COMO-FUD-2026-09-25-01","como-follow-up-desk"
"taskActivities","90006","blocked","como_next_work_file_events","","Parent work file is blocked","followUpTasks:2","COMO-FUD-2026-09-25-01","como-follow-up-desk"
"taskActivities","90007","blocked","como_next_work_file_events","","Parent work file is blocked","followUpTasks:2","COMO-FUD-2026-09-25-01","como-follow-up-desk"
"taskActivities","90008","blocked","como_next_work_file_events","","Parent work file is blocked","followUpTasks:3","COMO-FUD-2026-09-25-01","como-follow-up-desk"
"taskActivities","90009","blocked","como_next_work_file_events","","Parent work file is blocked","followUpTasks:3","COMO-FUD-2026-09-25-01","como-follow-up-desk"
"taskActivities","90010","blocked","como_next_work_file_events","","Parent work file is blocked","followUpTasks:4","COMO-FUD-2026-09-25-01","como-follow-up-desk"
"taskActivities","90011","blocked","como_next_work_file_events","","Parent work file is blocked","followUpTasks:4","COMO-FUD-2026-09-25-01","como-follow-up-desk"
"taskActivities","90012","blocked","como_next_work_file_events","","Parent work file is blocked","followUpTasks:4","COMO-FUD-2026-09-25-01","como-follow-up-desk"
"taskActivities","90013","blocked","como_next_work_file_events","","Parent work file is blocked","followUpTasks:4","COMO-FUD-2026-09-25-01","como-follow-up-desk"
"taskActivities","90014","blocked","como_next_work_file_events","","Parent work file is blocked","followUpTasks:4","COMO-FUD-2026-09-25-01","como-follow-up-desk"
"taskActivities","90015","blocked","como_next_work_file_events","","Parent work file is blocked","followUpTasks:4","COMO-FUD-2026-09-25-01","como-follow-up-desk"
"taskActivities","90016","create_event","como_next_work_file_events","","Create under the staged parent work file with provenance","","COMO-FUD-2026-09-25-01","como-follow-up-desk"
"taskActivities","90017","create_event","como_next_work_file_events","","Create under the staged parent work file with provenance","","COMO-FUD-2026-09-25-01","como-follow-up-desk"
"taskActivities","120001","blocked","como_next_work_file_events","","Parent work file is blocked","followUpTasks:30001","COMO-FUD-2026-09-25-01","como-follow-up-desk"
"taskActivities","120002","blocked","como_next_work_file_events","","Parent work file is blocked","followUpTasks:30001","COMO-FUD-2026-09-25-01","como-follow-up-desk"
"taskActivities","120003","blocked","como_next_work_file_events","","Parent work file is blocked","followUpTasks:30001","COMO-FUD-2026-09-25-01","como-follow-up-desk"
"taskActivities","120004","blocked","como_next_work_file_events","","Parent work file is blocked","followUpTasks:30001","COMO-FUD-2026-09-25-01","como-follow-up-desk"
"taskActivities","120005","blocked","como_next_work_file_events","","Parent work file is blocked","followUpTasks:30001","COMO-FUD-2026-09-25-01","como-follow-up-desk"
"taskActivities","120006","blocked","como_next_work_file_events","","Parent work file is blocked","followUpTasks:4","COMO-FUD-2026-09-25-01","como-follow-up-desk"
"taskActivities","150001","blocked","como_next_work_file_events","","Parent work file is blocked","followUpTasks:30001","COMO-FUD-2026-09-25-01","como-follow-up-desk"
"taskActivities","150002","blocked","como_next_work_file_events","","Parent work file is blocked","followUpTasks:30001","COMO-FUD-2026-09-25-01","como-follow-up-desk"
"taskActivities","180001","blocked","como_next_work_file_events","","Parent work file is blocked","followUpTasks:30001","COMO-FUD-2026-09-25-01","como-follow-up-desk"
"taskActivities","210001","blocked","como_next_work_file_events","","Parent work file is blocked","followUpTasks:4","COMO-FUD-2026-09-25-01","como-follow-up-desk"
"taskActivities","210002","blocked","como_next_work_file_events","","Parent work file is blocked","followUpTasks:30001","COMO-FUD-2026-09-25-01","como-follow-up-desk"
"taskActivities","210003","create_event","como_next_work_file_events","","Create under the staged parent work file with provenance","","COMO-FUD-2026-09-25-01","como-follow-up-desk"
"taskActivities","210004","blocked","como_next_work_file_events","","Parent work file is blocked","followUpTasks:5","COMO-FUD-2026-09-25-01","como-follow-up-desk"
"taskActivities","240001","blocked","como_next_work_file_events","","Parent work file is blocked","followUpTasks:4","COMO-FUD-2026-09-25-01","como-follow-up-desk"
"taskActivities","270001","create_event","como_next_work_file_events","","Create under the staged parent work file with provenance","","COMO-FUD-2026-09-25-01","como-follow-up-desk"
"taskActivities","300001","blocked","como_next_work_file_events","","Parent work file is blocked","followUpTasks:4","COMO-FUD-2026-09-25-01","como-follow-up-desk"
"taskActivities","330001","blocked","como_next_work_file_events","","Parent work file is blocked","followUpTasks:4","COMO-FUD-2026-09-25-01","como-follow-up-desk"
"taskActivities","330002","blocked","como_next_work_file_events","","Parent work file is blocked","followUpTasks:4","COMO-FUD-2026-09-25-01","como-follow-up-desk"
"taskActivities","330003","blocked","como_next_work_file_events","","Parent work file is blocked","followUpTasks:4","COMO-FUD-2026-09-25-01","como-follow-up-desk"
"taskActivities","330004","blocked","como_next_work_file_events","","Parent work file is blocked","followUpTasks:4","COMO-FUD-2026-09-25-01","como-follow-up-desk"
"taskActivities","330005","blocked","como_next_work_file_events","","Parent work file is blocked","followUpTasks:3","COMO-FUD-2026-09-25-01","como-follow-up-desk"
"taskActivities","360001","blocked","como_next_work_file_events","","Parent work file is blocked","followUpTasks:1","COMO-FUD-2026-09-25-01","como-follow-up-desk"
"taskActivities","360002","blocked","como_next_work_file_events","","Parent work file is blocked","followUpTasks:1","COMO-FUD-2026-09-25-01","como-follow-up-desk"
"taskActivities","360003","blocked","como_next_work_file_events","","Parent work file is blocked","followUpTasks:1","COMO-FUD-2026-09-25-01","como-follow-up-desk"
"taskActivities","360004","blocked","como_next_work_file_events","","Parent work file is blocked","followUpTasks:1","COMO-FUD-2026-09-25-01","como-follow-up-desk"
"taskActivities","360005","blocked","como_next_work_file_events","","Parent work file is blocked","followUpTasks:1","COMO-FUD-2026-09-25-01","como-follow-up-desk"
"taskActivities","390001","blocked","como_next_work_file_events","","Parent work file is blocked","followUpTasks:1","COMO-FUD-2026-09-25-01","como-follow-up-desk"
"taskActivities","390002","blocked","como_next_work_file_events","","Parent work file is blocked","followUpTasks:1","COMO-FUD-2026-09-25-01","como-follow-up-desk"
"taskActivities","390003","blocked","como_next_work_file_events","","Parent work file is blocked","followUpTasks:1","COMO-FUD-2026-09-25-01","como-follow-up-desk"
"taskActivities","390004","blocked","como_next_work_file_events","","Parent work file is blocked","followUpTasks:1","COMO-FUD-2026-09-25-01","como-follow-up-desk"
"taskActivities","390005","blocked","como_next_work_file_events","","Parent work file is blocked","followUpTasks:1","COMO-FUD-2026-09-25-01","como-follow-up-desk"
"taskActivities","420001","blocked","como_next_work_file_events","","Parent work file is blocked","followUpTasks:60001","COMO-FUD-2026-09-25-01","como-follow-up-desk"
"taskActivities","450001","blocked","como_next_work_file_events","","Parent work file is blocked","followUpTasks:60001","COMO-FUD-2026-09-25-01","como-follow-up-desk"
"taskActivities","450002","blocked","como_next_work_file_events","","Parent work file is blocked","followUpTasks:60001","COMO-FUD-2026-09-25-01","como-follow-up-desk"
"taskActivities","450003","blocked","como_next_work_file_events","","Parent work file is blocked","followUpTasks:60001","COMO-FUD-2026-09-25-01","como-follow-up-desk"
"taskActivities","450004","blocked","como_next_work_file_events","","Parent work file is blocked","followUpTasks:60001","COMO-FUD-2026-09-25-01","como-follow-up-desk"
"taskActivities","480001","blocked","como_next_work_file_events","","Parent work file is blocked","followUpTasks:2","COMO-FUD-2026-09-25-01","como-follow-up-desk"
"taskActivities","480002","blocked","como_next_work_file_events","","Parent work file is blocked","followUpTasks:2","COMO-FUD-2026-09-25-01","como-follow-up-desk"
"taskActivities","480003","blocked","como_next_work_file_events","","Parent work file is blocked","followUpTasks:2","COMO-FUD-2026-09-25-01","como-follow-up-desk"
"taskActivities","480004","blocked","como_next_work_file_events","","Parent work file is blocked","followUpTasks:2","COMO-FUD-2026-09-25-01","como-follow-up-desk"
"taskActivities","480005","blocked","como_next_work_file_events","","Parent work file is blocked","followUpTasks:2","COMO-FUD-2026-09-25-01","como-follow-up-desk"
"taskActivities","480006","blocked","como_next_work_file_events","","Parent work file is blocked","followUpTasks:2","COMO-FUD-2026-09-25-01","como-follow-up-desk"
"taskActivities","480007","blocked","como_next_work_file_events","","Parent work file is blocked","followUpTasks:4","COMO-FUD-2026-09-25-01","como-follow-up-desk"
"taskActivities","480008","blocked","como_next_work_file_events","","Parent work file is blocked","followUpTasks:4","COMO-FUD-2026-09-25-01","como-follow-up-desk"
"taskActivities","480009","blocked","como_next_work_file_events","","Parent work file is blocked","followUpTasks:4","COMO-FUD-2026-09-25-01","como-follow-up-desk"
"taskActivities","480010","blocked","como_next_work_file_events","","Parent work file is blocked","followUpTasks:4","COMO-FUD-2026-09-25-01","como-follow-up-desk"
"taskActivities","480011","blocked","como_next_work_file_events","","Parent work file is blocked","followUpTasks:4","COMO-FUD-2026-09-25-01","como-follow-up-desk"
"taskActivities","480012","blocked","como_next_work_file_events","","Parent work file is blocked","followUpTasks:4","COMO-FUD-2026-09-25-01","como-follow-up-desk"
"taskActivities","510001","blocked","como_next_work_file_events","","Parent work file is blocked","followUpTasks:4","COMO-FUD-2026-09-25-01","como-follow-up-desk"
"taskActivities","510002","blocked","como_next_work_file_events","","Parent work file is blocked","followUpTasks:4","COMO-FUD-2026-09-25-01","como-follow-up-desk"
"taskActivities","510003","blocked","como_next_work_file_events","","Parent work file is blocked","followUpTasks:4","COMO-FUD-2026-09-25-01","como-follow-up-desk"
"taskActivities","510004","blocked","como_next_work_file_events","","Parent work file is blocked","followUpTasks:4","COMO-FUD-2026-09-25-01","como-follow-up-desk"
"taskActivities","510005","blocked","como_next_work_file_events","","Parent work file is blocked","followUpTasks:4","COMO-FUD-2026-09-25-01","como-follow-up-desk"
"taskActivities","540001","blocked","como_next_work_file_events","","Parent work file is blocked","followUpTasks:4","COMO-FUD-2026-09-25-01","como-follow-up-desk"
"taskActivities","540002","blocked","como_next_work_file_events","","Parent work file is blocked","followUpTasks:4","COMO-FUD-2026-09-25-01","como-follow-up-desk"
"taskActivities","570001","blocked","como_next_work_file_events","","Parent work file is blocked","followUpTasks:3","COMO-FUD-2026-09-25-01","como-follow-up-desk"
"taskActivities","600001","blocked","como_next_work_file_events","","Parent work file is blocked","followUpTasks:3","COMO-FUD-2026-09-25-01","como-follow-up-desk"
"taskActivities","600002","blocked","como_next_work_file_events","","Parent work file is blocked","followUpTasks:3","COMO-FUD-2026-09-25-01","como-follow-up-desk"
"taskActivities","630001","blocked","como_next_work_file_events","","Parent work file is blocked","followUpTasks:4","COMO-FUD-2026-09-25-01","como-follow-up-desk"
"taskActivities","630002","blocked","como_next_work_file_events","","Parent work file is blocked","followUpTasks:4","COMO-FUD-2026-09-25-01","como-follow-up-desk"
"taskActivities","630003","blocked","como_next_work_file_events","","Parent work file is blocked","followUpTasks:4","COMO-FUD-2026-09-25-01","como-follow-up-desk"
"taskActivities","660001","blocked","como_next_work_file_events","","Parent work file is blocked","followUpTasks:3","COMO-FUD-2026-09-25-01","como-follow-up-desk"
"taskActivities","660002","blocked","como_next_work_file_events","","Parent work file is blocked","followUpTasks:3","COMO-FUD-2026-09-25-01","como-follow-up-desk"
"taskActivities","660003","blocked","como_next_work_file_events","","Parent work file is blocked","followUpTasks:3","COMO-FUD-2026-09-25-01","como-follow-up-desk"
"taskActivities","660004","blocked","como_next_work_file_events","","Parent work file is blocked","followUpTasks:3","COMO-FUD-2026-09-25-01","como-follow-up-desk"
"taskActivities","660005","blocked","como_next_work_file_events","","Parent work file is blocked","followUpTasks:3","COMO-FUD-2026-09-25-01","como-follow-up-desk"
"taskActivities","660006","create_event","como_next_work_file_events","","Create under the staged parent work file with provenance","","COMO-FUD-2026-09-25-01","como-follow-up-desk"
"taskActivities","660007","create_event","como_next_work_file_events","","Create under the staged parent work file with provenance","","COMO-FUD-2026-09-25-01","como-follow-up-desk"
"taskActivities","660008","create_event","como_next_work_file_events","","Create under the staged parent work file with provenance","","COMO-FUD-2026-09-25-01","como-follow-up-desk"
"taskActivities","660009","create_event","como_next_work_file_events","","Create under the staged parent work file with provenance","","COMO-FUD-2026-09-25-01","como-follow-up-desk"
"taskActivities","660010","create_event","como_next_work_file_events","","Create under the staged parent work file with provenance","","COMO-FUD-2026-09-25-01","como-follow-up-desk"
"taskActivities","660011","blocked","como_next_work_file_events","","Parent work file is blocked","followUpTasks:4","COMO-FUD-2026-09-25-01","como-follow-up-desk"
"taskActivities","690001","blocked","como_next_work_file_events","","Parent work file is blocked","followUpTasks:3","COMO-FUD-2026-09-25-01","como-follow-up-desk"
"taskActivities","690002","blocked","como_next_work_file_events","","Parent work file is blocked","followUpTasks:3","COMO-FUD-2026-09-25-01","como-follow-up-desk"
"taskActivities","690003","blocked","como_next_work_file_events","","Parent work file is blocked","followUpTasks:3","COMO-FUD-2026-09-25-01","como-follow-up-desk"
"taskActivities","690004","blocked","como_next_work_file_events","","Parent work file is blocked","followUpTasks:3","COMO-FUD-2026-09-25-01","como-follow-up-desk"
"taskActivities","690005","blocked","como_next_work_file_events","","Parent work file is blocked","followUpTasks:3","COMO-FUD-2026-09-25-01","como-follow-up-desk"
"taskActivities","690006","create_event","como_next_work_file_events","","Create under the staged parent work file with provenance","","COMO-FUD-2026-09-25-01","como-follow-up-desk"
"taskActivities","690007","create_event","como_next_work_file_events","","Create under the staged parent work file with provenance","","COMO-FUD-2026-09-25-01","como-follow-up-desk"
"taskActivities","690008","create_event","como_next_work_file_events","","Create under the staged parent work file with provenance","","COMO-FUD-2026-09-25-01","como-follow-up-desk"
"taskActivities","690009","create_event","como_next_work_file_events","","Create under the staged parent work file with provenance","","COMO-FUD-2026-09-25-01","como-follow-up-desk"
"taskActivities","690010","create_event","como_next_work_file_events","","Create under the staged parent work file with provenance","","COMO-FUD-2026-09-25-01","como-follow-up-desk"
"taskActivities","720001","create_event","como_next_work_file_events","","Create under the staged parent work file with provenance","","COMO-FUD-2026-09-25-01","como-follow-up-desk"
"taskActivities","720002","create_event","como_next_work_file_events","","Create under the staged parent work file with provenance","","COMO-FUD-2026-09-25-01","como-follow-up-desk"
"taskActivities","720003","create_event","como_next_work_file_events","","Create under the staged parent work file with provenance","","COMO-FUD-2026-09-25-01","como-follow-up-desk"
"taskActivities","720004","create_event","como_next_work_file_events","","Create under the staged parent work file with provenance","","COMO-FUD-2026-09-25-01","como-follow-up-desk"
"taskActivities","720005","create_event","como_next_work_file_events","","Create under the staged parent work file with provenance","","COMO-FUD-2026-09-25-01","como-follow-up-desk"
"taskActivities","750001","create_event","como_next_work_file_events","","Create under the staged parent work file with provenance","","COMO-FUD-2026-09-25-01","como-follow-up-desk"
"taskActivities","750002","create_event","como_next_work_file_events","","Create under the staged parent work file with provenance","","COMO-FUD-2026-09-25-01","como-follow-up-desk"
"taskActivities","750003","create_event","como_next_work_file_events","","Create under the staged parent work file with provenance","","COMO-FUD-2026-09-25-01","como-follow-up-desk"
"taskActivities","750004","create_event","como_next_work_file_events","","Create under the staged parent work file with provenance","","COMO-FUD-2026-09-25-01","como-follow-up-desk"
"taskActivities","750005","create_event","como_next_work_file_events","","Create under the staged parent work file with provenance","","COMO-FUD-2026-09-25-01","como-follow-up-desk"
"taskActivities","750006","create_event","como_next_work_file_events","","Create under the staged parent work file with provenance","","COMO-FUD-2026-09-25-01","como-follow-up-desk"
"taskActivities","780001","blocked","como_next_work_file_events","","Parent work file is blocked","followUpTasks:90001","COMO-FUD-2026-09-25-01","como-follow-up-desk"
"taskActivities","780002","blocked","como_next_work_file_events","","Parent work file is blocked","followUpTasks:90001","COMO-FUD-2026-09-25-01","como-follow-up-desk"
"taskActivities","780003","blocked","como_next_work_file_events","","Parent work file is blocked","followUpTasks:90001","COMO-FUD-2026-09-25-01","como-follow-up-desk"
"taskActivities","780004","blocked","como_next_work_file_events","","Parent work file is blocked","followUpTasks:5","COMO-FUD-2026-09-25-01","como-follow-up-desk"
"taskActivities","780005","blocked","como_next_work_file_events","","Parent work file is blocked","followUpTasks:5","COMO-FUD-2026-09-25-01","como-follow-up-desk"
"taskActivities","780006","blocked","como_next_work_file_events","","Parent work file is blocked","followUpTasks:90001","COMO-FUD-2026-09-25-01","como-follow-up-desk"
"taskActivities","780007","blocked","como_next_work_file_events","","Parent work file is blocked","followUpTasks:5","COMO-FUD-2026-09-25-01","como-follow-up-desk"
"taskActivities","810001","blocked","como_next_work_file_events","","Parent work file is blocked","followUpTasks:4","COMO-FUD-2026-09-25-01","como-follow-up-desk"
"taskActivities","810002","blocked","como_next_work_file_events","","Parent work file is blocked","followUpTasks:4","COMO-FUD-2026-09-25-01","como-follow-up-desk"
"taskActivities","810003","blocked","como_next_work_file_events","","Parent work file is blocked","followUpTasks:4","COMO-FUD-2026-09-25-01","como-follow-up-desk"
"taskActivities","810004","blocked","como_next_work_file_events","","Parent work file is blocked","followUpTasks:4","COMO-FUD-2026-09-25-01","como-follow-up-desk"
"taskActivities","810005","blocked","como_next_work_file_events","","Parent work file is blocked","followUpTasks:4","COMO-FUD-2026-09-25-01","como-follow-up-desk"
"taskActivities","810006","blocked","como_next_work_file_events","","Parent work file is blocked","followUpTasks:4","COMO-FUD-2026-09-25-01","como-follow-up-desk"
"taskActivities","810007","blocked","como_next_work_file_events","","Parent work file is blocked","followUpTasks:4","COMO-FUD-2026-09-25-01","como-follow-up-desk"
"taskActivities","840001","blocked","como_next_work_file_events","","Parent work file is blocked","followUpTasks:30001","COMO-FUD-2026-09-25-01","como-follow-up-desk"
"taskActivities","840002","blocked","como_next_work_file_events","","Parent work file is blocked","followUpTasks:30001","COMO-FUD-2026-09-25-01","como-follow-up-desk"
"taskActivities","840003","blocked","como_next_work_file_events","","Parent work file is blocked","followUpTasks:30001","COMO-FUD-2026-09-25-01","como-follow-up-desk"
"taskActivities","840004","blocked","como_next_work_file_events","","Parent work file is blocked","followUpTasks:30001","COMO-FUD-2026-09-25-01","como-follow-up-desk"
"taskActivities","870001","create_event","como_next_work_file_events","","Create under the staged parent work file with provenance","","COMO-FUD-2026-09-25-01","como-follow-up-desk"
"taskActivities","900001","blocked","como_next_work_file_events","","Parent work file is blocked","followUpTasks:5","COMO-FUD-2026-09-25-01","como-follow-up-desk"
"taskActivities","900002","blocked","como_next_work_file_events","","Parent work file is blocked","followUpTasks:5","COMO-FUD-2026-09-25-01","como-follow-up-desk"
"taskActivities","900003","blocked","como_next_work_file_events","","Parent work file is blocked","followUpTasks:5","COMO-FUD-2026-09-25-01","como-follow-up-desk"
"taskActivities","900004","blocked","como_next_work_file_events","","Parent work file is blocked","followUpTasks:5","COMO-FUD-2026-09-25-01","como-follow-up-desk"
"taskActivities","900005","blocked","como_next_work_file_events","","Parent work file is blocked","followUpTasks:5","COMO-FUD-2026-09-25-01","como-follow-up-desk"
"taskActivities","900006","blocked","como_next_work_file_events","","Parent work file is blocked","followUpTasks:5","COMO-FUD-2026-09-25-01","como-follow-up-desk"
"taskActivities","900007","blocked","como_next_work_file_events","","Parent work file is blocked","followUpTasks:5","COMO-FUD-2026-09-25-01","como-follow-up-desk"
"taskActivities","930001","blocked","como_next_work_file_events","","Parent work file is blocked","followUpTasks:5","COMO-FUD-2026-09-25-01","como-follow-up-desk"
"taskActivities","930002","blocked","como_next_work_file_events","","Parent work file is blocked","followUpTasks:5","COMO-FUD-2026-09-25-01","como-follow-up-desk"
"taskActivities","930003","blocked","como_next_work_file_events","","Parent work file is blocked","followUpTasks:5","COMO-FUD-2026-09-25-01","como-follow-up-desk"
"taskActivities","930004","blocked","como_next_work_file_events","","Parent work file is blocked","followUpTasks:5","COMO-FUD-2026-09-25-01","como-follow-up-desk"
"taskActivities","960001","blocked","como_next_work_file_events","","Parent work file is blocked","followUpTasks:5","COMO-FUD-2026-09-25-01","como-follow-up-desk"
"taskActivities","960002","blocked","como_next_work_file_events","","Parent work file is blocked","followUpTasks:5","COMO-FUD-2026-09-25-01","como-follow-up-desk"
"taskActivities","960003","blocked","como_next_work_file_events","","Parent work file is blocked","followUpTasks:5","COMO-FUD-2026-09-25-01","como-follow-up-desk"
"taskActivities","960004","blocked","como_next_work_file_events","","Parent work file is blocked","followUpTasks:5","COMO-FUD-2026-09-25-01","como-follow-up-desk"
"taskActivities","960005","blocked","como_next_work_file_events","","Parent work file is blocked","followUpTasks:5","COMO-FUD-2026-09-25-01","como-follow-up-desk"
"taskActivities","960006","blocked","como_next_work_file_events","","Parent work file is blocked","followUpTasks:5","COMO-FUD-2026-09-25-01","como-follow-up-desk"
"taskActivities","960007","blocked","como_next_work_file_events","","Parent work file is blocked","followUpTasks:5","COMO-FUD-2026-09-25-01","como-follow-up-desk"
"taskActivities","990001","blocked","como_next_work_file_events","","Parent work file is blocked","followUpTasks:5","COMO-FUD-2026-09-25-01","como-follow-up-desk"
"taskActivities","990002","blocked","como_next_work_file_events","","Parent work file is blocked","followUpTasks:5","COMO-FUD-2026-09-25-01","como-follow-up-desk"
"taskActivities","990003","blocked","como_next_work_file_events","","Parent work file is blocked","followUpTasks:5","COMO-FUD-2026-09-25-01","como-follow-up-desk"
"taskActivities","1020001","blocked","como_next_work_file_events","","Parent work file is blocked","followUpTasks:90001","COMO-FUD-2026-09-25-01","como-follow-up-desk"
"taskActivities","1020002","blocked","como_next_work_file_events","","Parent work file is blocked","followUpTasks:4","COMO-FUD-2026-09-25-01","como-follow-up-desk"
"taskActivities","1020003","blocked","como_next_work_file_events","","Parent work file is blocked","followUpTasks:2","COMO-FUD-2026-09-25-01","como-follow-up-desk"
"taskActivities","1020004","blocked","como_next_work_file_events","","Parent work file is blocked","followUpTasks:30001","COMO-FUD-2026-09-25-01","como-follow-up-desk"
"taskActivities","1020005","blocked","como_next_work_file_events","","Parent work file is blocked","followUpTasks:90001","COMO-FUD-2026-09-25-01","como-follow-up-desk"
"taskActivities","1020006","blocked","como_next_work_file_events","","Parent work file is blocked","followUpTasks:4","COMO-FUD-2026-09-25-01","como-follow-up-desk"
"taskActivities","1020007","blocked","como_next_work_file_events","","Parent work file is blocked","followUpTasks:2","COMO-FUD-2026-09-25-01","como-follow-up-desk"
"taskActivities","1020008","blocked","como_next_work_file_events","","Parent work file is blocked","followUpTasks:30001","COMO-FUD-2026-09-25-01","como-follow-up-desk"
"taskActivities","1020009","blocked","como_next_work_file_events","","Parent work file is blocked","followUpTasks:1","COMO-FUD-2026-09-25-01","como-follow-up-desk"
"taskActivities","1020010","blocked","como_next_work_file_events","","Parent work file is blocked","followUpTasks:2","COMO-FUD-2026-09-25-01","como-follow-up-desk"
"taskActivities","1020011","blocked","como_next_work_file_events","","Parent work file is blocked","followUpTasks:2","COMO-FUD-2026-09-25-01","como-follow-up-desk"
"taskActivities","1020012","blocked","como_next_work_file_events","","Parent work file is blocked","followUpTasks:1","COMO-FUD-2026-09-25-01","como-follow-up-desk"
"taskActivities","1020013","blocked","como_next_work_file_events","","Parent work file is blocked","followUpTasks:30001","COMO-FUD-2026-09-25-01","como-follow-up-desk"
"taskActivities","1020014","blocked","como_next_work_file_events","","Parent work file is blocked","followUpTasks:2","COMO-FUD-2026-09-25-01","como-follow-up-desk"
"taskActivities","1020015","blocked","como_next_work_file_events","","Parent work file is blocked","followUpTasks:1","COMO-FUD-2026-09-25-01","como-follow-up-desk"
"taskActivities","1050001","blocked","como_next_work_file_events","","Parent work file is blocked","followUpTasks:2","COMO-FUD-2026-09-25-01","como-follow-up-desk"
"taskActivities","1050002","blocked","como_next_work_file_events","","Parent work file is blocked","followUpTasks:2","COMO-FUD-2026-09-25-01","como-follow-up-desk"
"taskActivities","1050003","blocked","como_next_work_file_events","","Parent work file is blocked","followUpTasks:1","COMO-FUD-2026-09-25-01","como-follow-up-desk"
"taskActivities","1050004","blocked","como_next_work_file_events","","Parent work file is blocked","followUpTasks:30001","COMO-FUD-2026-09-25-01","como-follow-up-desk"
"taskActivities","1050005","blocked","como_next_work_file_events","","Parent work file is blocked","followUpTasks:30001","COMO-FUD-2026-09-25-01","como-follow-up-desk"
"taskActivities","1050006","blocked","como_next_work_file_events","","Parent work file is blocked","followUpTasks:30001","COMO-FUD-2026-09-25-01","como-follow-up-desk"
"taskActivities","1050007","blocked","como_next_work_file_events","","Parent work file is blocked","followUpTasks:1","COMO-FUD-2026-09-25-01","como-follow-up-desk"
"taskActivities","1050008","blocked","como_next_work_file_events","","Parent work file is blocked","followUpTasks:1","COMO-FUD-2026-09-25-01","como-follow-up-desk"
"taskActivities","1050009","blocked","como_next_work_file_events","","Parent work file is blocked","followUpTasks:2","COMO-FUD-2026-09-25-01","como-follow-up-desk"
"taskActivities","1050010","blocked","como_next_work_file_events","","Parent work file is blocked","followUpTasks:2","COMO-FUD-2026-09-25-01","como-follow-up-desk"
"taskActivities","1050011","blocked","como_next_work_file_events","","Parent work file is blocked","followUpTasks:30001","COMO-FUD-2026-09-25-01","como-follow-up-desk"
"taskActivities","1050012","blocked","como_next_work_file_events","","Parent work file is blocked","followUpTasks:1","COMO-FUD-2026-09-25-01","como-follow-up-desk"
"taskActivities","1050013","blocked","como_next_work_file_events","","Parent work file is blocked","followUpTasks:2","COMO-FUD-2026-09-25-01","como-follow-up-desk"
"taskActivities","1050014","blocked","como_next_work_file_events","","Parent work file is blocked","followUpTasks:2","COMO-FUD-2026-09-25-01","como-follow-up-desk"
"taskActivities","1050015","blocked","como_next_work_file_events","","Parent work file is blocked","followUpTasks:30001","COMO-FUD-2026-09-25-01","como-follow-up-desk"
"taskActivities","1050016","blocked","como_next_work_file_events","","Parent work file is blocked","followUpTasks:1","COMO-FUD-2026-09-25-01","como-follow-up-desk"
"taskActivities","1050017","blocked","como_next_work_file_events","","Parent work file is blocked","followUpTasks:2","COMO-FUD-2026-09-25-01","como-follow-up-desk"
"taskActivities","1080001","create_event","como_next_work_file_events","","Create under the staged parent work file with provenance","","COMO-FUD-2026-09-25-01","como-follow-up-desk"
"taskActivities","1080002","create_event","como_next_work_file_events","","Create under the staged parent work file with provenance","","COMO-FUD-2026-09-25-01","como-follow-up-desk"
"taskActivities","1110001","create_event","como_next_work_file_events","","Create under the staged parent work file with provenance","","COMO-FUD-2026-09-25-01","como-follow-up-desk"
"taskActivities","1110002","create_event","como_next_work_file_events","","Create under the staged parent work file with provenance","","COMO-FUD-2026-09-25-01","como-follow-up-desk"
"taskActivities","1110003","create_event","como_next_work_file_events","","Create under the staged parent work file with provenance","","COMO-FUD-2026-09-25-01","como-follow-up-desk"
"taskActivities","1110004","create_event","como_next_work_file_events","","Create under the staged parent work file with provenance","","COMO-FUD-2026-09-25-01","como-follow-up-desk"
"taskActivities","1110005","create_event","como_next_work_file_events","","Create under the staged parent work file with provenance","","COMO-FUD-2026-09-25-01","como-follow-up-desk"
"taskActivities","1140001","blocked","como_next_work_file_events","","Parent work file is blocked","followUpTasks:3","COMO-FUD-2026-09-25-01","como-follow-up-desk"
"taskActivities","1140002","blocked","como_next_work_file_events","","Parent work file is blocked","followUpTasks:3","COMO-FUD-2026-09-25-01","como-follow-up-desk"
"taskActivities","1140003","blocked","como_next_work_file_events","","Parent work file is blocked","followUpTasks:3","COMO-FUD-2026-09-25-01","como-follow-up-desk"
"taskActivities","1140004","blocked","como_next_work_file_events","","Parent work file is blocked","followUpTasks:3","COMO-FUD-2026-09-25-01","como-follow-up-desk"
"taskActivities","1140005","blocked","como_next_work_file_events","","Parent work file is blocked","followUpTasks:3","COMO-FUD-2026-09-25-01","como-follow-up-desk"
"taskActivities","1140006","blocked","como_next_work_file_events","","Parent work file is blocked","followUpTasks:3","COMO-FUD-2026-09-25-01","como-follow-up-desk"
"taskActivities","1140007","blocked","como_next_work_file_events","","Parent work file is blocked","followUpTasks:3","COMO-FUD-2026-09-25-01","como-follow-up-desk"
"taskActivities","1140008","blocked","como_next_work_file_events","","Parent work file is blocked","followUpTasks:4","COMO-FUD-2026-09-25-01","como-follow-up-desk"
"taskActivities","1140009","blocked","como_next_work_file_events","","Parent work file is blocked","followUpTasks:90001","COMO-FUD-2026-09-25-01","como-follow-up-desk"
"taskActivities","1140010","blocked","como_next_work_file_events","","Parent work file is blocked","followUpTasks:5","COMO-FUD-2026-09-25-01","como-follow-up-desk"
"taskActivities","1140011","blocked","como_next_work_file_events","","Parent work file is blocked","followUpTasks:5","COMO-FUD-2026-09-25-01","como-follow-up-desk"
"taskActivities","1140012","blocked","como_next_work_file_events","","Parent work file is blocked","followUpTasks:3","COMO-FUD-2026-09-25-01","como-follow-up-desk"
"taskActivities","1140013","blocked","como_next_work_file_events","","Parent work file is blocked","followUpTasks:4","COMO-FUD-2026-09-25-01","como-follow-up-desk"
"taskActivities","1140014","blocked","como_next_work_file_events","","Parent work file is blocked","followUpTasks:5","COMO-FUD-2026-09-25-01","como-follow-up-desk"
"taskActivities","1140015","blocked","como_next_work_file_events","","Parent work file is blocked","followUpTasks:3","COMO-FUD-2026-09-25-01","como-follow-up-desk"
"taskActivities","1170001","create_event","como_next_work_file_events","","Create under the staged parent work file with provenance","","COMO-FUD-2026-09-25-01","como-follow-up-desk"
"taskActivities","1200001","blocked","como_next_work_file_events","","Parent work file is blocked","followUpTasks:3","COMO-FUD-2026-09-25-01","como-follow-up-desk"
"taskActivities","1200002","blocked","como_next_work_file_events","","Parent work file is blocked","followUpTasks:3","COMO-FUD-2026-09-25-01","como-follow-up-desk"
"taskActivities","1200003","blocked","como_next_work_file_events","","Parent work file is blocked","followUpTasks:3","COMO-FUD-2026-09-25-01","como-follow-up-desk"
"taskActivities","1200004","blocked","como_next_work_file_events","","Parent work file is blocked","followUpTasks:3","COMO-FUD-2026-09-25-01","como-follow-up-desk"
"taskActivities","1200005","blocked","como_next_work_file_events","","Parent work file is blocked","followUpTasks:3","COMO-FUD-2026-09-25-01","como-follow-up-desk"
"taskActivities","1230001","blocked","como_next_work_file_events","","Parent work file is blocked","followUpTasks:5","COMO-FUD-2026-09-25-01","como-follow-up-desk"
"taskActivities","1230002","blocked","como_next_work_file_events","","Parent work file is blocked","followUpTasks:90001","COMO-FUD-2026-09-25-01","como-follow-up-desk"
"taskActivities","1230003","blocked","como_next_work_file_events","","Parent work file is blocked","followUpTasks:90001","COMO-FUD-2026-09-25-01","como-follow-up-desk"
"taskActivities","1230004","blocked","como_next_work_file_events","","Parent work file is blocked","followUpTasks:4","COMO-FUD-2026-09-25-01","como-follow-up-desk"
"taskActivities","1230005","blocked","como_next_work_file_events","","Parent work file is blocked","followUpTasks:4","COMO-FUD-2026-09-25-01","como-follow-up-desk"
"taskActivities","1230006","blocked","como_next_work_file_events","","Parent work file is blocked","followUpTasks:4","COMO-FUD-2026-09-25-01","como-follow-up-desk"
"taskActivities","1260001","blocked","como_next_work_file_events","","Parent work file is blocked","followUpTasks:30001","COMO-FUD-2026-09-25-01","como-follow-up-desk"
"taskActivities","1260002","blocked","como_next_work_file_events","","Parent work file is blocked","followUpTasks:30001","COMO-FUD-2026-09-25-01","como-follow-up-desk"
"taskActivities","1260003","blocked","como_next_work_file_events","","Parent work file is blocked","followUpTasks:30001","COMO-FUD-2026-09-25-01","como-follow-up-desk"
"taskActivities","1260004","blocked","como_next_work_file_events","","Parent work file is blocked","followUpTasks:30001","COMO-FUD-2026-09-25-01","como-follow-up-desk"
"taskActivities","1260005","blocked","como_next_work_file_events","","Parent work file is blocked","followUpTasks:30001","COMO-FUD-2026-09-25-01","como-follow-up-desk"
"taskActivities","1260006","blocked","como_next_work_file_events","","Parent work file is blocked","followUpTasks:30001","COMO-FUD-2026-09-25-01","como-follow-up-desk"
"taskActivities","1260007","blocked","como_next_work_file_events","","Parent work file is blocked","followUpTasks:30001","COMO-FUD-2026-09-25-01","como-follow-up-desk"
"taskActivities","1290001","blocked","como_next_work_file_events","","Parent work file is blocked","followUpTasks:5","COMO-FUD-2026-09-25-01","como-follow-up-desk"
"taskActivities","1290002","blocked","como_next_work_file_events","","Parent work file is blocked","followUpTasks:5","COMO-FUD-2026-09-25-01","como-follow-up-desk"
"taskActivities","1290003","blocked","como_next_work_file_events","","Parent work file is blocked","followUpTasks:5","COMO-FUD-2026-09-25-01","como-follow-up-desk"
"taskActivities","1290004","blocked","como_next_work_file_events","","Parent work file is blocked","followUpTasks:5","COMO-FUD-2026-09-25-01","como-follow-up-desk"
"taskActivities","1290005","blocked","como_next_work_file_events","","Parent work file is blocked","followUpTasks:5","COMO-FUD-2026-09-25-01","como-follow-up-desk"
"taskActivities","1290006","blocked","como_next_work_file_events","","Parent work file is blocked","followUpTasks:5","COMO-FUD-2026-09-25-01","como-follow-up-desk"
"taskActivities","1290007","blocked","como_next_work_file_events","","Parent work file is blocked","followUpTasks:5","COMO-FUD-2026-09-25-01","como-follow-up-desk"
"taskActivities","1320001","blocked","como_next_work_file_events","","Parent work file is blocked","followUpTasks:5","COMO-FUD-2026-09-25-01","como-follow-up-desk"
"taskActivities","1320002","blocked","como_next_work_file_events","","Parent work file is blocked","followUpTasks:5","COMO-FUD-2026-09-25-01","como-follow-up-desk"
"taskActivities","1320003","blocked","como_next_work_file_events","","Parent work file is blocked","followUpTasks:5","COMO-FUD-2026-09-25-01","como-follow-up-desk"
"taskActivities","1320004","blocked","como_next_work_file_events","","Parent work file is blocked","followUpTasks:90001","COMO-FUD-2026-09-25-01","como-follow-up-desk"
"taskActivities","1320005","blocked","como_next_work_file_events","","Parent work file is blocked","followUpTasks:90001","COMO-FUD-2026-09-25-01","como-follow-up-desk"
"taskActivities","1320006","blocked","como_next_work_file_events","","Parent work file is blocked","followUpTasks:90001","COMO-FUD-2026-09-25-01","como-follow-up-desk"
"taskActivities","1320007","blocked","como_next_work_file_events","","Parent work file is blocked","followUpTasks:4","COMO-FUD-2026-09-25-01","como-follow-up-desk"
"taskActivities","1320008","blocked","como_next_work_file_events","","Parent work file is blocked","followUpTasks:4","COMO-FUD-2026-09-25-01","como-follow-up-desk"
"taskActivities","1320009","blocked","como_next_work_file_events","","Parent work file is blocked","followUpTasks:4","COMO-FUD-2026-09-25-01","como-follow-up-desk"
"taskActivities","1320010","blocked","como_next_work_file_events","","Parent work file is blocked","followUpTasks:4","COMO-FUD-2026-09-25-01","como-follow-up-desk"
"taskActivities","1320011","blocked","como_next_work_file_events","","Parent work file is blocked","followUpTasks:5","COMO-FUD-2026-09-25-01","como-follow-up-desk"
"taskActivities","1320012","blocked","como_next_work_file_events","","Parent work file is blocked","followUpTasks:4","COMO-FUD-2026-09-25-01","como-follow-up-desk"
"taskActivities","1320013","blocked","como_next_work_file_events","","Parent work file is blocked","followUpTasks:5","COMO-FUD-2026-09-25-01","como-follow-up-desk"
"taskActivities","1350001","blocked","como_next_work_file_events","","Parent work file is blocked","followUpTasks:5","COMO-FUD-2026-09-25-01","como-follow-up-desk"
"taskActivities","1350002","blocked","como_next_work_file_events","","Parent work file is blocked","followUpTasks:5","COMO-FUD-2026-09-25-01","como-follow-up-desk"
"taskActivities","1380001","blocked","como_next_work_file_events","","Parent work file is blocked","followUpTasks:90001","COMO-FUD-2026-09-25-01","como-follow-up-desk"
"taskActivities","1380002","blocked","como_next_work_file_events","","Parent work file is blocked","followUpTasks:90001","COMO-FUD-2026-09-25-01","como-follow-up-desk"
"taskActivities","1380003","blocked","como_next_work_file_events","","Parent work file is blocked","followUpTasks:90001","COMO-FUD-2026-09-25-01","como-follow-up-desk"
"taskActivities","1380004","blocked","como_next_work_file_events","","Parent work file is blocked","followUpTasks:4","COMO-FUD-2026-09-25-01","como-follow-up-desk"
"taskActivities","1380005","blocked","como_next_work_file_events","","Parent work file is blocked","followUpTasks:4","COMO-FUD-2026-09-25-01","como-follow-up-desk"
"taskActivities","1380006","blocked","como_next_work_file_events","","Parent work file is blocked","followUpTasks:4","COMO-FUD-2026-09-25-01","como-follow-up-desk"
"taskActivities","1380007","blocked","como_next_work_file_events","","Parent work file is blocked","followUpTasks:4","COMO-FUD-2026-09-25-01","como-follow-up-desk"
"taskActivities","1380008","blocked","como_next_work_file_events","","Parent work file is blocked","followUpTasks:5","COMO-FUD-2026-09-25-01","como-follow-up-desk"
"taskActivities","1380009","blocked","como_next_work_file_events","","Parent work file is blocked","followUpTasks:90001","COMO-FUD-2026-09-25-01","como-follow-up-desk"
"taskActivities","1380010","blocked","como_next_work_file_events","","Parent work file is blocked","followUpTasks:4","COMO-FUD-2026-09-25-01","como-follow-up-desk"
"taskActivities","1410001","blocked","como_next_work_file_events","","Parent work file is blocked","followUpTasks:90001","COMO-FUD-2026-09-25-01","como-follow-up-desk"
"taskActivities","1440001","blocked","como_next_work_file_events","","Parent work file is blocked","followUpTasks:1","COMO-FUD-2026-09-25-01","como-follow-up-desk"
"taskActivities","1440002","blocked","como_next_work_file_events","","Parent work file is blocked","followUpTasks:2","COMO-FUD-2026-09-25-01","como-follow-up-desk"
"taskActivities","1440003","blocked","como_next_work_file_events","","Parent work file is blocked","followUpTasks:2","COMO-FUD-2026-09-25-01","como-follow-up-desk"
"taskActivities","1440004","blocked","como_next_work_file_events","","Parent work file is blocked","followUpTasks:2","COMO-FUD-2026-09-25-01","como-follow-up-desk"
"taskActivities","1470001","blocked","como_next_work_file_events","","Parent work file is blocked","followUpTasks:120001","COMO-FUD-2026-09-25-01","como-follow-up-desk"
"taskActivities","1500001","blocked","como_next_work_file_events","","Parent work file is blocked","followUpTasks:30001","COMO-FUD-2026-09-25-01","como-follow-up-desk"
"taskActivities","1500002","blocked","como_next_work_file_events","","Parent work file is blocked","followUpTasks:30001","COMO-FUD-2026-09-25-01","como-follow-up-desk"
"taskActivities","1500003","blocked","como_next_work_file_events","","Parent work file is blocked","followUpTasks:30001","COMO-FUD-2026-09-25-01","como-follow-up-desk"
"taskActivities","1500004","blocked","como_next_work_file_events","","Parent work file is blocked","followUpTasks:30001","COMO-FUD-2026-09-25-01","como-follow-up-desk"
"taskActivities","1500005","blocked","como_next_work_file_events","","Parent work file is blocked","followUpTasks:30001","COMO-FUD-2026-09-25-01","como-follow-up-desk"
"taskActivities","1500006","blocked","como_next_work_file_events","","Parent work file is blocked","followUpTasks:5","COMO-FUD-2026-09-25-01","como-follow-up-desk"
"taskActivities","1500007","blocked","como_next_work_file_events","","Parent work file is blocked","followUpTasks:5","COMO-FUD-2026-09-25-01","como-follow-up-desk"
"taskActivities","1500008","blocked","como_next_work_file_events","","Parent work file is blocked","followUpTasks:5","COMO-FUD-2026-09-25-01","como-follow-up-desk"
"taskActivities","1500009","blocked","como_next_work_file_events","","Parent work file is blocked","followUpTasks:5","COMO-FUD-2026-09-25-01","como-follow-up-desk"
"taskActivities","1500010","blocked","como_next_work_file_events","","Parent work file is blocked","followUpTasks:5","COMO-FUD-2026-09-25-01","como-follow-up-desk"
"taskActivities","1500011","blocked","como_next_work_file_events","","Parent work file is blocked","followUpTasks:5","COMO-FUD-2026-09-25-01","como-follow-up-desk"
"taskActivities","1530001","blocked","como_next_work_file_events","","Parent work file is blocked","followUpTasks:5","COMO-FUD-2026-09-25-01","como-follow-up-desk"
"taskActivities","1530002","blocked","como_next_work_file_events","","Parent work file is blocked","followUpTasks:5","COMO-FUD-2026-09-25-01","como-follow-up-desk"
"taskActivities","1530003","blocked","como_next_work_file_events","","Parent work file is blocked","followUpTasks:5","COMO-FUD-2026-09-25-01","como-follow-up-desk"
"taskActivities","1530004","blocked","como_next_work_file_events","","Parent work file is blocked","followUpTasks:5","COMO-FUD-2026-09-25-01","como-follow-up-desk"
"taskActivities","1530005","blocked","como_next_work_file_events","","Parent work file is blocked","followUpTasks:5","COMO-FUD-2026-09-25-01","como-follow-up-desk"
"taskActivities","1560001","blocked","como_next_work_file_events","","Parent work file is blocked","followUpTasks:1","COMO-FUD-2026-09-25-01","como-follow-up-desk"
"taskActivities","1560002","blocked","como_next_work_file_events","","Parent work file is blocked","followUpTasks:1","COMO-FUD-2026-09-25-01","como-follow-up-desk"
"taskActivities","1560003","blocked","como_next_work_file_events","","Parent work file is blocked","followUpTasks:1","COMO-FUD-2026-09-25-01","como-follow-up-desk"
"taskActivities","1560004","blocked","como_next_work_file_events","","Parent work file is blocked","followUpTasks:1","COMO-FUD-2026-09-25-01","como-follow-up-desk"
"taskActivities","1560005","blocked","como_next_work_file_events","","Parent work file is blocked","followUpTasks:1","COMO-FUD-2026-09-25-01","como-follow-up-desk"
"taskActivities","1560006","blocked","como_next_work_file_events","","Parent work file is blocked","followUpTasks:1","COMO-FUD-2026-09-25-01","como-follow-up-desk"
"taskActivities","1590001","create_event","como_next_work_file_events","","Create under the staged parent work file with provenance","","COMO-FUD-2026-09-25-01","como-follow-up-desk"
"taskActivities","1590002","create_event","como_next_work_file_events","","Create under the staged parent work file with provenance","","COMO-FUD-2026-09-25-01","como-follow-up-desk"
"taskActivities","1590003","create_event","como_next_work_file_events","","Create under the staged parent work file with provenance","","COMO-FUD-2026-09-25-01","como-follow-up-desk"
"taskActivities","1620001","blocked","como_next_work_file_events","","Parent work file is blocked","followUpTasks:90001","COMO-FUD-2026-09-25-01","como-follow-up-desk"
"taskActivities","1620002","blocked","como_next_work_file_events","","Parent work file is blocked","followUpTasks:90001","COMO-FUD-2026-09-25-01","como-follow-up-desk"
"taskActivities","1620003","blocked","como_next_work_file_events","","Parent work file is blocked","followUpTasks:90001","COMO-FUD-2026-09-25-01","como-follow-up-desk"
"taskActivities","1620004","blocked","como_next_work_file_events","","Parent work file is blocked","followUpTasks:90001","COMO-FUD-2026-09-25-01","como-follow-up-desk"
"taskActivities","1620005","blocked","como_next_work_file_events","","Parent work file is blocked","followUpTasks:90001","COMO-FUD-2026-09-25-01","como-follow-up-desk"
"taskActivities","1650001","create_event","como_next_work_file_events","","Create under the staged parent work file with provenance","","COMO-FUD-2026-09-25-01","como-follow-up-desk"
"taskActivities","1680001","blocked","como_next_work_file_events","","Parent work file is blocked","followUpTasks:90001","COMO-FUD-2026-09-25-01","como-follow-up-desk"
"taskActivities","1680002","blocked","como_next_work_file_events","","Parent work file is blocked","followUpTasks:90001","COMO-FUD-2026-09-25-01","como-follow-up-desk"
"taskActivities","1680003","blocked","como_next_work_file_events","","Parent work file is blocked","followUpTasks:90001","COMO-FUD-2026-09-25-01","como-follow-up-desk"
"taskActivities","1680004","blocked","como_next_work_file_events","","Parent work file is blocked","followUpTasks:90001","COMO-FUD-2026-09-25-01","como-follow-up-desk"
"taskActivities","1680005","blocked","como_next_work_file_events","","Parent work file is blocked","followUpTasks:1","COMO-FUD-2026-09-25-01","como-follow-up-desk"
"taskActivities","1680006","blocked","como_next_work_file_events","","Parent work file is blocked","followUpTasks:1","COMO-FUD-2026-09-25-01","como-follow-up-desk"
"taskActivities","1680007","blocked","como_next_work_file_events","","Parent work file is blocked","followUpTasks:1","COMO-FUD-2026-09-25-01","como-follow-up-desk"
"taskActivities","1680008","blocked","como_next_work_file_events","","Parent work file is blocked","followUpTasks:1","COMO-FUD-2026-09-25-01","como-follow-up-desk"
"taskActivities","1680009","blocked","como_next_work_file_events","","Parent work file is blocked","followUpTasks:1","COMO-FUD-2026-09-25-01","como-follow-up-desk"
"taskActivities","1680010","blocked","como_next_work_file_events","","Parent work file is blocked","followUpTasks:30001","COMO-FUD-2026-09-25-01","como-follow-up-desk"
"taskActivities","1680011","blocked","como_next_work_file_events","","Parent work file is blocked","followUpTasks:30001","COMO-FUD-2026-09-25-01","como-follow-up-desk"
"taskActivities","1680012","blocked","como_next_work_file_events","","Parent work file is blocked","followUpTasks:30001","COMO-FUD-2026-09-25-01","como-follow-up-desk"
"taskActivities","1680013","blocked","como_next_work_file_events","","Parent work file is blocked","followUpTasks:30001","COMO-FUD-2026-09-25-01","como-follow-up-desk"
"taskActivities","1680014","create_event","como_next_work_file_events","","Create under the staged parent work file with provenance","","COMO-FUD-2026-09-25-01","como-follow-up-desk"
"taskActivities","1680015","create_event","como_next_work_file_events","","Create under the staged parent work file with provenance","","COMO-FUD-2026-09-25-01","como-follow-up-desk"
"taskActivities","1710001","blocked","como_next_work_file_events","","Parent work file is blocked","followUpTasks:2","COMO-FUD-2026-09-25-01","como-follow-up-desk"
"taskActivities","1740001","blocked","como_next_work_file_events","","Parent work file is blocked","followUpTasks:3","COMO-FUD-2026-09-25-01","como-follow-up-desk"
"taskActivities","1770001","blocked","como_next_work_file_events","","Parent work file is blocked","followUpTasks:3","COMO-FUD-2026-09-25-01","como-follow-up-desk"
"taskActivities","1770002","blocked","como_next_work_file_events","","Parent work file is blocked","followUpTasks:3","COMO-FUD-2026-09-25-01","como-follow-up-desk"
"taskActivities","1770003","blocked","como_next_work_file_events","","Parent work file is blocked","followUpTasks:3","COMO-FUD-2026-09-25-01","como-follow-up-desk"
"taskActivities","1800001","blocked","como_next_work_file_events","","Parent work file is blocked","followUpTasks:4","COMO-FUD-2026-09-25-01","como-follow-up-desk"
"taskActivities","1800002","blocked","como_next_work_file_events","","Parent work file is blocked","followUpTasks:4","COMO-FUD-2026-09-25-01","como-follow-up-desk"
"taskActivities","1800003","blocked","como_next_work_file_events","","Parent work file is blocked","followUpTasks:4","COMO-FUD-2026-09-25-01","como-follow-up-desk"
"taskActivities","1800004","blocked","como_next_work_file_events","","Parent work file is blocked","followUpTasks:4","COMO-FUD-2026-09-25-01","como-follow-up-desk"
"taskActivities","1800005","blocked","como_next_work_file_events","","Parent work file is blocked","followUpTasks:4","COMO-FUD-2026-09-25-01","como-follow-up-desk"
"taskActivities","1830001","blocked","como_next_work_file_events","","Parent work file is blocked","followUpTasks:4","COMO-FUD-2026-09-25-01","como-follow-up-desk"
"taskActivities","1830002","blocked","como_next_work_file_events","","Parent work file is blocked","followUpTasks:4","COMO-FUD-2026-09-25-01","como-follow-up-desk"
"taskActivities","1830003","blocked","como_next_work_file_events","","Parent work file is blocked","followUpTasks:4","COMO-FUD-2026-09-25-01","como-follow-up-desk"
"taskActivities","1860001","blocked","como_next_work_file_events","","Parent work file is blocked","followUpTasks:3","COMO-FUD-2026-09-25-01","como-follow-up-desk"
"taskActivities","1860002","blocked","como_next_work_file_events","","Parent work file is blocked","followUpTasks:3","COMO-FUD-2026-09-25-01","como-follow-up-desk"
"taskActivities","1860003","blocked","como_next_work_file_events","","Parent work file is blocked","followUpTasks:3","COMO-FUD-2026-09-25-01","como-follow-up-desk"
"taskActivities","1860004","blocked","como_next_work_file_events","","Parent work file is blocked","followUpTasks:3","COMO-FUD-2026-09-25-01","como-follow-up-desk"
"taskActivities","1890001","blocked","como_next_work_file_events","","Parent work file is blocked","followUpTasks:3","COMO-FUD-2026-09-25-01","como-follow-up-desk"
"taskActivities","1890002","blocked","como_next_work_file_events","","Parent work file is blocked","followUpTasks:3","COMO-FUD-2026-09-25-01","como-follow-up-desk"
"taskActivities","1890003","blocked","como_next_work_file_events","","Parent work file is blocked","followUpTasks:3","COMO-FUD-2026-09-25-01","como-follow-up-desk"
"taskActivities","1890004","blocked","como_next_work_file_events","","Parent work file is blocked","followUpTasks:3","COMO-FUD-2026-09-25-01","como-follow-up-desk"
"taskActivities","1890005","blocked","como_next_work_file_events","","Parent work file is blocked","followUpTasks:3","COMO-FUD-2026-09-25-01","como-follow-up-desk"
"taskActivities","1920001","blocked","como_next_work_file_events","","Parent work file is blocked","followUpTasks:4","COMO-FUD-2026-09-25-01","como-follow-up-desk"
"taskActivities","1920002","blocked","como_next_work_file_events","","Parent work file is blocked","followUpTasks:4","COMO-FUD-2026-09-25-01","como-follow-up-desk"
"taskActivities","1920003","blocked","como_next_work_file_events","","Parent work file is blocked","followUpTasks:4","COMO-FUD-2026-09-25-01","como-follow-up-desk"
"taskActivities","1920004","blocked","como_next_work_file_events","","Parent work file is blocked","followUpTasks:4","COMO-FUD-2026-09-25-01","como-follow-up-desk"
"taskActivities","1920005","blocked","como_next_work_file_events","","Parent work file is blocked","followUpTasks:4","COMO-FUD-2026-09-25-01","como-follow-up-desk"
"taskActivities","1920006","blocked","como_next_work_file_events","","Parent work file is blocked","followUpTasks:4","COMO-FUD-2026-09-25-01","como-follow-up-desk"
"taskActivities","1920007","blocked","como_next_work_file_events","","Parent work file is blocked","followUpTasks:4","COMO-FUD-2026-09-25-01","como-follow-up-desk"
"taskActivities","1920008","blocked","como_next_work_file_events","","Parent work file is blocked","followUpTasks:4","COMO-FUD-2026-09-25-01","como-follow-up-desk"
"taskActivities","1920009","blocked","como_next_work_file_events","","Parent work file is blocked","followUpTasks:90001","COMO-FUD-2026-09-25-01","como-follow-up-desk"
"taskActivities","1920010","blocked","como_next_work_file_events","","Parent work file is blocked","followUpTasks:90001","COMO-FUD-2026-09-25-01","como-follow-up-desk"
"taskActivities","1920011","blocked","como_next_work_file_events","","Parent work file is blocked","followUpTasks:90001","COMO-FUD-2026-09-25-01","como-follow-up-desk"
"taskActivities","1920012","blocked","como_next_work_file_events","","Parent work file is blocked","followUpTasks:90001","COMO-FUD-2026-09-25-01","como-follow-up-desk"
"taskActivities","1950001","blocked","como_next_work_file_events","","Parent work file is blocked","followUpTasks:90001","COMO-FUD-2026-09-25-01","como-follow-up-desk"
"taskActivities","1950002","blocked","como_next_work_file_events","","Parent work file is blocked","followUpTasks:90001","COMO-FUD-2026-09-25-01","como-follow-up-desk"
"taskActivities","1950003","blocked","como_next_work_file_events","","Parent work file is blocked","followUpTasks:90001","COMO-FUD-2026-09-25-01","como-follow-up-desk"
"taskActivities","1950004","blocked","como_next_work_file_events","","Parent work file is blocked","followUpTasks:90001","COMO-FUD-2026-09-25-01","como-follow-up-desk"
"taskActivities","1980001","blocked","como_next_work_file_events","","Parent work file is blocked","followUpTasks:4","COMO-FUD-2026-09-25-01","como-follow-up-desk"
"taskActivities","1980002","blocked","como_next_work_file_events","","Parent work file is blocked","followUpTasks:4","COMO-FUD-2026-09-25-01","como-follow-up-desk"
"taskActivities","1980003","blocked","como_next_work_file_events","","Parent work file is blocked","followUpTasks:4","COMO-FUD-2026-09-25-01","como-follow-up-desk"
"taskActivities","1980004","blocked","como_next_work_file_events","","Parent work file is blocked","followUpTasks:4","COMO-FUD-2026-09-25-01","como-follow-up-desk"
"taskActivities","1980005","blocked","como_next_work_file_events","","Parent work file is blocked","followUpTasks:4","COMO-FUD-2026-09-25-01","como-follow-up-desk"
"taskActivities","1980006","blocked","como_next_work_file_events","","Parent work file is blocked","followUpTasks:4","COMO-FUD-2026-09-25-01","como-follow-up-desk"
"taskActivities","1980007","blocked","como_next_work_file_events","","Parent work file is blocked","followUpTasks:90001","COMO-FUD-2026-09-25-01","como-follow-up-desk"
"taskActivities","1980008","blocked","como_next_work_file_events","","Parent work file is blocked","followUpTasks:90001","COMO-FUD-2026-09-25-01","como-follow-up-desk"
"taskActivities","1980009","blocked","como_next_work_file_events","","Parent work file is blocked","followUpTasks:90001","COMO-FUD-2026-09-25-01","como-follow-up-desk"
"taskActivities","1980010","blocked","como_next_work_file_events","","Parent work file is blocked","followUpTasks:90001","COMO-FUD-2026-09-25-01","como-follow-up-desk"
"taskActivities","1980011","blocked","como_next_work_file_events","","Parent work file is blocked","followUpTasks:90001","COMO-FUD-2026-09-25-01","como-follow-up-desk"
"taskActivities","1980012","blocked","como_next_work_file_events","","Parent work file is blocked","followUpTasks:90001","COMO-FUD-2026-09-25-01","como-follow-up-desk"
"taskActivities","1980013","blocked","como_next_work_file_events","","Parent work file is blocked","followUpTasks:90001","COMO-FUD-2026-09-25-01","como-follow-up-desk"
"taskActivities","1980014","blocked","como_next_work_file_events","","Parent work file is blocked","followUpTasks:4","COMO-FUD-2026-09-25-01","como-follow-up-desk"
"taskActivities","1980015","blocked","como_next_work_file_events","","Parent work file is blocked","followUpTasks:90001","COMO-FUD-2026-09-25-01","como-follow-up-desk"
"taskActivities","1980016","blocked","como_next_work_file_events","","Parent work file is blocked","followUpTasks:90001","COMO-FUD-2026-09-25-01","como-follow-up-desk"
"taskActivities","2010001","blocked","como_next_work_file_events","","Parent work file is blocked","followUpTasks:90001","COMO-FUD-2026-09-25-01","como-follow-up-desk"
"taskActivities","2010002","blocked","como_next_work_file_events","","Parent work file is blocked","followUpTasks:90001","COMO-FUD-2026-09-25-01","como-follow-up-desk"
"taskActivities","2010003","blocked","como_next_work_file_events","","Parent work file is blocked","followUpTasks:90001","COMO-FUD-2026-09-25-01","como-follow-up-desk"
"taskActivities","2010004","blocked","como_next_work_file_events","","Parent work file is blocked","followUpTasks:90001","COMO-FUD-2026-09-25-01","como-follow-up-desk"
"taskActivities","2040001","blocked","como_next_work_file_events","","Parent work file is blocked","followUpTasks:90001","COMO-FUD-2026-09-25-01","como-follow-up-desk"
"taskActivities","2040002","blocked","como_next_work_file_events","","Parent work file is blocked","followUpTasks:90001","COMO-FUD-2026-09-25-01","como-follow-up-desk"
"taskActivities","2070001","blocked","como_next_work_file_events","","Parent work file is blocked","followUpTasks:4","COMO-FUD-2026-09-25-01","como-follow-up-desk"
"taskActivities","2070002","blocked","como_next_work_file_events","","Parent work file is blocked","followUpTasks:4","COMO-FUD-2026-09-25-01","como-follow-up-desk"
"taskActivities","2070003","blocked","como_next_work_file_events","","Parent work file is blocked","followUpTasks:4","COMO-FUD-2026-09-25-01","como-follow-up-desk"
"taskActivities","2070004","blocked","como_next_work_file_events","","Parent work file is blocked","followUpTasks:4","COMO-FUD-2026-09-25-01","como-follow-up-desk"
"taskActivities","2070005","blocked","como_next_work_file_events","","Parent work file is blocked","followUpTasks:3","COMO-FUD-2026-09-25-01","como-follow-up-desk"
"taskActivities","2070006","blocked","como_next_work_file_events","","Parent work file is blocked","followUpTasks:3","COMO-FUD-2026-09-25-01","como-follow-up-desk"
"taskActivities","2070007","blocked","como_next_work_file_events","","Parent work file is blocked","followUpTasks:3","COMO-FUD-2026-09-25-01","como-follow-up-desk"
"taskActivities","2070008","blocked","como_next_work_file_events","","Parent work file is blocked","followUpTasks:3","COMO-FUD-2026-09-25-01","como-follow-up-desk"
"taskActivities","2070009","blocked","como_next_work_file_events","","Parent work file is blocked","followUpTasks:3","COMO-FUD-2026-09-25-01","como-follow-up-desk"
"taskActivities","2070010","blocked","como_next_work_file_events","","Parent work file is blocked","followUpTasks:3","COMO-FUD-2026-09-25-01","como-follow-up-desk"
"taskActivities","2070011","blocked","como_next_work_file_events","","Parent work file is blocked","followUpTasks:3","COMO-FUD-2026-09-25-01","como-follow-up-desk"
"taskActivities","2070012","blocked","como_next_work_file_events","","Parent work file is blocked","followUpTasks:3","COMO-FUD-2026-09-25-01","como-follow-up-desk"
"taskActivities","2070013","blocked","como_next_work_file_events","","Parent work file is blocked","followUpTasks:3","COMO-FUD-2026-09-25-01","como-follow-up-desk"
"taskActivities","2100001","blocked","como_next_work_file_events","","Parent work file is blocked","followUpTasks:4","COMO-FUD-2026-09-25-01","como-follow-up-desk"
"taskActivities","2100002","blocked","como_next_work_file_events","","Parent work file is blocked","followUpTasks:4","COMO-FUD-2026-09-25-01","como-follow-up-desk"
"taskActivities","2100003","blocked","como_next_work_file_events","","Parent work file is blocked","followUpTasks:4","COMO-FUD-2026-09-25-01","como-follow-up-desk"
"taskActivities","2100004","blocked","como_next_work_file_events","","Parent work file is blocked","followUpTasks:4","COMO-FUD-2026-09-25-01","como-follow-up-desk"
"taskActivities","2130001","blocked","como_next_work_file_events","","Parent work file is blocked","followUpTasks:3","COMO-FUD-2026-09-25-01","como-follow-up-desk"
"taskActivities","2130002","blocked","como_next_work_file_events","","Parent work file is blocked","followUpTasks:3","COMO-FUD-2026-09-25-01","como-follow-up-desk"
"taskActivities","2130003","blocked","como_next_work_file_events","","Parent work file is blocked","followUpTasks:3","COMO-FUD-2026-09-25-01","como-follow-up-desk"
"taskActivities","2130004","blocked","como_next_work_file_events","","Parent work file is blocked","followUpTasks:3","COMO-FUD-2026-09-25-01","como-follow-up-desk"
"taskActivities","2130005","blocked","como_next_work_file_events","","Parent work file is blocked","followUpTasks:3","COMO-FUD-2026-09-25-01","como-follow-up-desk"
"taskActivities","2130006","blocked","como_next_work_file_events","","Parent work file is blocked","followUpTasks:3","COMO-FUD-2026-09-25-01","como-follow-up-desk"
"taskActivities","2160001","blocked","como_next_work_file_events","","Parent work file is blocked","followUpTasks:4","COMO-FUD-2026-09-25-01","como-follow-up-desk"
"taskActivities","2160002","blocked","como_next_work_file_events","","Parent work file is blocked","followUpTasks:4","COMO-FUD-2026-09-25-01","como-follow-up-desk"
"taskActivities","2160003","blocked","como_next_work_file_events","","Parent work file is blocked","followUpTasks:4","COMO-FUD-2026-09-25-01","como-follow-up-desk"
"taskActivities","2160004","blocked","como_next_work_file_events","","Parent work file is blocked","followUpTasks:4","COMO-FUD-2026-09-25-01","como-follow-up-desk"
"taskActivities","2190001","blocked","como_next_work_file_events","","Parent work file is blocked","followUpTasks:4","COMO-FUD-2026-09-25-01","como-follow-up-desk"
"taskActivities","2190002","blocked","como_next_work_file_events","","Parent work file is blocked","followUpTasks:4","COMO-FUD-2026-09-25-01","como-follow-up-desk"
"taskActivities","2190003","blocked","como_next_work_file_events","","Parent work file is blocked","followUpTasks:4","COMO-FUD-2026-09-25-01","como-follow-up-desk"
"taskActivities","2190004","blocked","como_next_work_file_events","","Parent work file is blocked","followUpTasks:4","COMO-FUD-2026-09-25-01","como-follow-up-desk"
"taskActivities","2190005","blocked","como_next_work_file_events","","Parent work file is blocked","followUpTasks:4","COMO-FUD-2026-09-25-01","como-follow-up-desk"
"taskActivities","2190006","blocked","como_next_work_file_events","","Parent work file is blocked","followUpTasks:4","COMO-FUD-2026-09-25-01","como-follow-up-desk"
"taskActivities","2190007","blocked","como_next_work_file_events","","Parent work file is blocked","followUpTasks:4","COMO-FUD-2026-09-25-01","como-follow-up-desk"
"taskActivities","2190008","blocked","como_next_work_file_events","","Parent work file is blocked","followUpTasks:4","COMO-FUD-2026-09-25-01","como-follow-up-desk"
"taskActivities","2220001","blocked","como_next_work_file_events","","Parent work file is blocked","followUpTasks:3","COMO-FUD-2026-09-25-01","como-follow-up-desk"
"taskActivities","2220002","blocked","como_next_work_file_events","","Parent work file is blocked","followUpTasks:3","COMO-FUD-2026-09-25-01","como-follow-up-desk"
"taskActivities","2250001","blocked","como_next_work_file_events","","Parent work file is blocked","followUpTasks:4","COMO-FUD-2026-09-25-01","como-follow-up-desk"
"taskActivities","2250002","blocked","como_next_work_file_events","","Parent work file is blocked","followUpTasks:4","COMO-FUD-2026-09-25-01","como-follow-up-desk"
"taskActivities","2250003","blocked","como_next_work_file_events","","Parent work file is blocked","followUpTasks:4","COMO-FUD-2026-09-25-01","como-follow-up-desk"
"taskActivities","2280001","blocked","como_next_work_file_events","","Parent work file is blocked","followUpTasks:1","COMO-FUD-2026-09-25-01","como-follow-up-desk"
"taskActivities","2310001","blocked","como_next_work_file_events","","Parent work file is blocked","followUpTasks:60001","COMO-FUD-2026-09-25-01","como-follow-up-desk"
"taskActivities","2310002","blocked","como_next_work_file_events","","Parent work file is blocked","followUpTasks:60001","COMO-FUD-2026-09-25-01","como-follow-up-desk"
"taskActivities","2310003","blocked","como_next_work_file_events","","Parent work file is blocked","followUpTasks:60001","COMO-FUD-2026-09-25-01","como-follow-up-desk"
"taskActivities","2310004","blocked","como_next_work_file_events","","Parent work file is blocked","followUpTasks:60001","COMO-FUD-2026-09-25-01","como-follow-up-desk"
"taskActivities","2310005","blocked","como_next_work_file_events","","Parent work file is blocked","followUpTasks:60001","COMO-FUD-2026-09-25-01","como-follow-up-desk"
"taskActivities","2310006","blocked","como_next_work_file_events","","Parent work file is blocked","followUpTasks:150001","COMO-FUD-2026-09-25-01","como-follow-up-desk"
"taskActivities","2310007","blocked","como_next_work_file_events","","Parent work file is blocked","followUpTasks:150001","COMO-FUD-2026-09-25-01","como-follow-up-desk"
"taskActivities","2310008","blocked","como_next_work_file_events","","Parent work file is blocked","followUpTasks:150001","COMO-FUD-2026-09-25-01","como-follow-up-desk"
"taskActivities","2310009","blocked","como_next_work_file_events","","Parent work file is blocked","followUpTasks:150001","COMO-FUD-2026-09-25-01","como-follow-up-desk"
"taskActivities","2310010","blocked","como_next_work_file_events","","Parent work file is blocked","followUpTasks:150001","COMO-FUD-2026-09-25-01","como-follow-up-desk"
"taskActivities","2310011","blocked","como_next_work_file_events","","Parent work file is blocked","followUpTasks:3","COMO-FUD-2026-09-25-01","como-follow-up-desk"
"taskActivities","2310012","blocked","como_next_work_file_events","","Parent work file is blocked","followUpTasks:3","COMO-FUD-2026-09-25-01","como-follow-up-desk"
"taskActivities","2310013","blocked","como_next_work_file_events","","Parent work file is blocked","followUpTasks:3","COMO-FUD-2026-09-25-01","como-follow-up-desk"
"taskActivities","2310014","blocked","como_next_work_file_events","","Parent work file is blocked","followUpTasks:3","COMO-FUD-2026-09-25-01","como-follow-up-desk"
"taskActivities","2310015","blocked","como_next_work_file_events","","Parent work file is blocked","followUpTasks:3","COMO-FUD-2026-09-25-01","como-follow-up-desk"
"taskActivities","2310016","blocked","como_next_work_file_events","","Parent work file is blocked","followUpTasks:3","COMO-FUD-2026-09-25-01","como-follow-up-desk"
"taskActivities","2310017","blocked","como_next_work_file_events","","Parent work file is blocked","followUpTasks:3","COMO-FUD-2026-09-25-01","como-follow-up-desk"
"taskActivities","2310018","blocked","como_next_work_file_events","","Parent work file is blocked","followUpTasks:3","COMO-FUD-2026-09-25-01","como-follow-up-desk"
"taskActivities","2310019","blocked","como_next_work_file_events","","Parent work file is blocked","followUpTasks:3","COMO-FUD-2026-09-25-01","como-follow-up-desk"
"taskActivities","2310020","blocked","como_next_work_file_events","","Parent work file is blocked","followUpTasks:3","COMO-FUD-2026-09-25-01","como-follow-up-desk"
"taskActivities","2310021","blocked","como_next_work_file_events","","Parent work file is blocked","followUpTasks:3","COMO-FUD-2026-09-25-01","como-follow-up-desk"
"taskActivities","2310022","blocked","como_next_work_file_events","","Parent work file is blocked","followUpTasks:3","COMO-FUD-2026-09-25-01","como-follow-up-desk"
"taskActivities","2310023","blocked","como_next_work_file_events","","Parent work file is blocked","followUpTasks:3","COMO-FUD-2026-09-25-01","como-follow-up-desk"
"taskActivities","2310024","blocked","como_next_work_file_events","","Parent work file is blocked","followUpTasks:5","COMO-FUD-2026-09-25-01","como-follow-up-desk"
"taskActivities","2310025","blocked","como_next_work_file_events","","Parent work file is blocked","followUpTasks:5","COMO-FUD-2026-09-25-01","como-follow-up-desk"
"taskActivities","2310026","blocked","como_next_work_file_events","","Parent work file is blocked","followUpTasks:5","COMO-FUD-2026-09-25-01","como-follow-up-desk"
"taskActivities","2310027","blocked","como_next_work_file_events","","Parent work file is blocked","followUpTasks:5","COMO-FUD-2026-09-25-01","como-follow-up-desk"
"taskActivities","2310028","blocked","como_next_work_file_events","","Parent work file is blocked","followUpTasks:5","COMO-FUD-2026-09-25-01","como-follow-up-desk"
"taskActivities","2310029","blocked","como_next_work_file_events","","Parent work file is blocked","followUpTasks:90001","COMO-FUD-2026-09-25-01","como-follow-up-desk"
"taskActivities","2310030","blocked","como_next_work_file_events","","Parent work file is blocked","followUpTasks:90001","COMO-FUD-2026-09-25-01","como-follow-up-desk"
"taskActivities","2310031","blocked","como_next_work_file_events","","Parent work file is blocked","followUpTasks:90001","COMO-FUD-2026-09-25-01","como-follow-up-desk"
"taskActivities","2310032","blocked","como_next_work_file_events","","Parent work file is blocked","followUpTasks:90001","COMO-FUD-2026-09-25-01","como-follow-up-desk"
"taskActivities","2310033","blocked","como_next_work_file_events","","Parent work file is blocked","followUpTasks:90001","COMO-FUD-2026-09-25-01","como-follow-up-desk"
"taskActivities","2310034","blocked","como_next_work_file_events","","Parent work file is blocked","followUpTasks:90001","COMO-FUD-2026-09-25-01","como-follow-up-desk"
"taskActivities","2340001","blocked","como_next_work_file_events","","Parent work file is blocked","followUpTasks:90001","COMO-FUD-2026-09-25-01","como-follow-up-desk"
"taskActivities","2340002","blocked","como_next_work_file_events","","Parent work file is blocked","followUpTasks:90001","COMO-FUD-2026-09-25-01","como-follow-up-desk"
"taskActivities","2340003","blocked","como_next_work_file_events","","Parent work file is blocked","followUpTasks:90001","COMO-FUD-2026-09-25-01","como-follow-up-desk"
"taskActivities","2340004","blocked","como_next_work_file_events","","Parent work file is blocked","followUpTasks:90001","COMO-FUD-2026-09-25-01","como-follow-up-desk"
"taskActivities","2340005","blocked","como_next_work_file_events","","Parent work file is blocked","followUpTasks:90001","COMO-FUD-2026-09-25-01","como-follow-up-desk"
"taskActivities","2370001","blocked","como_next_work_file_events","","Parent work file is blocked","followUpTasks:60001","COMO-FUD-2026-09-25-01","como-follow-up-desk"
"taskActivities","2370002","blocked","como_next_work_file_events","","Parent work file is blocked","followUpTasks:90001","COMO-FUD-2026-09-25-01","como-follow-up-desk"
"taskActivities","2400001","blocked","como_next_work_file_events","","Parent work file is blocked","followUpTasks:150001","COMO-FUD-2026-09-25-01","como-follow-up-desk"
"taskActivities","2400002","blocked","como_next_work_file_events","","Parent work file is blocked","followUpTasks:150001","COMO-FUD-2026-09-25-01","como-follow-up-desk"
"taskActivities","2400003","blocked","como_next_work_file_events","","Parent work file is blocked","followUpTasks:150001","COMO-FUD-2026-09-25-01","como-follow-up-desk"
"taskActivities","2400004","blocked","como_next_work_file_events","","Parent work file is blocked","followUpTasks:150001","COMO-FUD-2026-09-25-01","como-follow-up-desk"
"taskActivities","2400005","blocked","como_next_work_file_events","","Parent work file is blocked","followUpTasks:150001","COMO-FUD-2026-09-25-01","como-follow-up-desk"
"taskActivities","2400006","blocked","como_next_work_file_events","","Parent work file is blocked","followUpTasks:150001","COMO-FUD-2026-09-25-01","como-follow-up-desk"
"taskActivities","2400007","blocked","como_next_work_file_events","","Parent work file is blocked","followUpTasks:150001","COMO-FUD-2026-09-25-01","como-follow-up-desk"
"taskActivities","2400008","blocked","como_next_work_file_events","","Parent work file is blocked","followUpTasks:150001","COMO-FUD-2026-09-25-01","como-follow-up-desk"
"taskActivities","2400009","blocked","como_next_work_file_events","","Parent work file is blocked","followUpTasks:150001","COMO-FUD-2026-09-25-01","como-follow-up-desk"
"taskActivities","2400010","blocked","como_next_work_file_events","","Parent work file is blocked","followUpTasks:60001","COMO-FUD-2026-09-25-01","como-follow-up-desk"
"taskActivities","2400011","blocked","como_next_work_file_events","","Parent work file is blocked","followUpTasks:60001","COMO-FUD-2026-09-25-01","como-follow-up-desk"
"taskActivities","2400012","blocked","como_next_work_file_events","","Parent work file is blocked","followUpTasks:3","COMO-FUD-2026-09-25-01","como-follow-up-desk"
"taskActivities","2400013","blocked","como_next_work_file_events","","Parent work file is blocked","followUpTasks:3","COMO-FUD-2026-09-25-01","como-follow-up-desk"
"taskActivities","2400014","blocked","como_next_work_file_events","","Parent work file is blocked","followUpTasks:5","COMO-FUD-2026-09-25-01","como-follow-up-desk"
"taskActivities","2400015","blocked","como_next_work_file_events","","Parent work file is blocked","followUpTasks:5","COMO-FUD-2026-09-25-01","como-follow-up-desk"
"taskActivities","2400016","blocked","como_next_work_file_events","","Parent work file is blocked","followUpTasks:90001","COMO-FUD-2026-09-25-01","como-follow-up-desk"
"taskActivities","2400017","blocked","como_next_work_file_events","","Parent work file is blocked","followUpTasks:90001","COMO-FUD-2026-09-25-01","como-follow-up-desk"
"taskActivities","2400018","blocked","como_next_work_file_events","","Parent work file is blocked","followUpTasks:5","COMO-FUD-2026-09-25-01","como-follow-up-desk"
"taskActivities","2400019","blocked","como_next_work_file_events","","Parent work file is blocked","followUpTasks:5","COMO-FUD-2026-09-25-01","como-follow-up-desk"
"taskActivities","2400020","blocked","como_next_work_file_events","","Parent work file is blocked","followUpTasks:90001","COMO-FUD-2026-09-25-01","como-follow-up-desk"
"taskActivities","2400021","blocked","como_next_work_file_events","","Parent work file is blocked","followUpTasks:90001","COMO-FUD-2026-09-25-01","como-follow-up-desk"
"taskActivities","2400022","blocked","como_next_work_file_events","","Parent work file is blocked","followUpTasks:3","COMO-FUD-2026-09-25-01","como-follow-up-desk"
"taskActivities","2400023","blocked","como_next_work_file_events","","Parent work file is blocked","followUpTasks:60001","COMO-FUD-2026-09-25-01","como-follow-up-desk"
"taskActivities","2430001","blocked","como_next_work_file_events","","Parent work file is blocked","followUpTasks:90001","COMO-FUD-2026-09-25-01","como-follow-up-desk"
"taskActivities","2430002","blocked","como_next_work_file_events","","Parent work file is blocked","followUpTasks:90001","COMO-FUD-2026-09-25-01","como-follow-up-desk"
"taskActivities","2430003","blocked","como_next_work_file_events","","Parent work file is blocked","followUpTasks:90001","COMO-FUD-2026-09-25-01","como-follow-up-desk"
"taskActivities","2430004","blocked","como_next_work_file_events","","Parent work file is blocked","followUpTasks:90001","COMO-FUD-2026-09-25-01","como-follow-up-desk"
"taskActivities","2430005","blocked","como_next_work_file_events","","Parent work file is blocked","followUpTasks:90001","COMO-FUD-2026-09-25-01","como-follow-up-desk"
"taskActivities","2430006","blocked","como_next_work_file_events","","Parent work file is blocked","followUpTasks:150001","COMO-FUD-2026-09-25-01","como-follow-up-desk"
"taskActivities","2430007","blocked","como_next_work_file_events","","Parent work file is blocked","followUpTasks:150001","COMO-FUD-2026-09-25-01","como-follow-up-desk"
"taskActivities","2430008","blocked","como_next_work_file_events","","Parent work file is blocked","followUpTasks:150001","COMO-FUD-2026-09-25-01","como-follow-up-desk"
"taskActivities","2430009","blocked","como_next_work_file_events","","Parent work file is blocked","followUpTasks:150001","COMO-FUD-2026-09-25-01","como-follow-up-desk"
"taskActivities","2430010","blocked","como_next_work_file_events","","Parent work file is blocked","followUpTasks:150001","COMO-FUD-2026-09-25-01","como-follow-up-desk"
"taskActivities","2430011","blocked","como_next_work_file_events","","Parent work file is blocked","followUpTasks:150001","COMO-FUD-2026-09-25-01","como-follow-up-desk"
"taskActivities","2460001","blocked","como_next_work_file_events","","Parent work file is blocked","followUpTasks:150001","COMO-FUD-2026-09-25-01","como-follow-up-desk"
"taskActivities","2460002","blocked","como_next_work_file_events","","Parent work file is blocked","followUpTasks:150001","COMO-FUD-2026-09-25-01","como-follow-up-desk"
"taskActivities","2460003","blocked","como_next_work_file_events","","Parent work file is blocked","followUpTasks:150001","COMO-FUD-2026-09-25-01","como-follow-up-desk"
"taskActivities","2460004","blocked","como_next_work_file_events","","Parent work file is blocked","followUpTasks:150001","COMO-FUD-2026-09-25-01","como-follow-up-desk"
"taskActivities","2460005","create_event","como_next_work_file_events","","Create under the staged parent work file with provenance","","COMO-FUD-2026-09-25-01","como-follow-up-desk"
"taskActivities","2460006","create_event","como_next_work_file_events","","Create under the staged parent work file with provenance","","COMO-FUD-2026-09-25-01","como-follow-up-desk"
"taskActivities","2460007","create_event","como_next_work_file_events","","Create under the staged parent work file with provenance","","COMO-FUD-2026-09-25-01","como-follow-up-desk"
"taskActivities","2460008","create_event","como_next_work_file_events","","Create under the staged parent work file with provenance","","COMO-FUD-2026-09-25-01","como-follow-up-desk"
"taskActivities","2460009","create_event","como_next_work_file_events","","Create under the staged parent work file with provenance","","COMO-FUD-2026-09-25-01","como-follow-up-desk"
"taskActivities","2460010","create_event","como_next_work_file_events","","Create under the staged parent work file with provenance","","COMO-FUD-2026-09-25-01","como-follow-up-desk"
"taskActivities","2490001","blocked","como_next_work_file_events","","Parent work file is blocked","followUpTasks:150001","COMO-FUD-2026-09-25-01","como-follow-up-desk"
"taskActivities","2490002","blocked","como_next_work_file_events","","Parent work file is blocked","followUpTasks:150001","COMO-FUD-2026-09-25-01","como-follow-up-desk"
"taskActivities","2490003","blocked","como_next_work_file_events","","Parent work file is blocked","followUpTasks:150001","COMO-FUD-2026-09-25-01","como-follow-up-desk"
"taskActivities","2490004","create_event","como_next_work_file_events","","Create under the staged parent work file with provenance","","COMO-FUD-2026-09-25-01","como-follow-up-desk"
"taskActivities","2490005","create_event","como_next_work_file_events","","Create under the staged parent work file with provenance","","COMO-FUD-2026-09-25-01","como-follow-up-desk"
"taskActivities","2490006","create_event","como_next_work_file_events","","Create under the staged parent work file with provenance","","COMO-FUD-2026-09-25-01","como-follow-up-desk"
"taskActivities","2490007","create_event","como_next_work_file_events","","Create under the staged parent work file with provenance","","COMO-FUD-2026-09-25-01","como-follow-up-desk"
"taskActivities","2520001","blocked","como_next_work_file_events","","Parent work file is blocked","followUpTasks:4","COMO-FUD-2026-09-25-01","como-follow-up-desk"
"taskActivities","2520002","blocked","como_next_work_file_events","","Parent work file is blocked","followUpTasks:4","COMO-FUD-2026-09-25-01","como-follow-up-desk"
"taskActivities","2520003","blocked","como_next_work_file_events","","Parent work file is blocked","followUpTasks:4","COMO-FUD-2026-09-25-01","como-follow-up-desk"
"taskActivities","2520004","blocked","como_next_work_file_events","","Parent work file is blocked","followUpTasks:4","COMO-FUD-2026-09-25-01","como-follow-up-desk"
"taskActivities","2550001","blocked","como_next_work_file_events","","Parent work file is blocked","followUpTasks:3","COMO-FUD-2026-09-25-01","como-follow-up-desk"
"taskActivities","2550002","blocked","como_next_work_file_events","","Parent work file is blocked","followUpTasks:3","COMO-FUD-2026-09-25-01","como-follow-up-desk"
"taskActivities","2550003","blocked","como_next_work_file_events","","Parent work file is blocked","followUpTasks:3","COMO-FUD-2026-09-25-01","como-follow-up-desk"
"taskActivities","2550004","blocked","como_next_work_file_events","","Parent work file is blocked","followUpTasks:3","COMO-FUD-2026-09-25-01","como-follow-up-desk"
"taskActivities","2550005","blocked","como_next_work_file_events","","Parent work file is blocked","followUpTasks:3","COMO-FUD-2026-09-25-01","como-follow-up-desk"
"taskActivities","2580001","blocked","como_next_work_file_events","","Parent work file is blocked","followUpTasks:90001","COMO-FUD-2026-09-25-01","como-follow-up-desk"
"taskActivities","2580002","blocked","como_next_work_file_events","","Parent work file is blocked","followUpTasks:90001","COMO-FUD-2026-09-25-01","como-follow-up-desk"
"taskActivities","2610001","blocked","como_next_work_file_events","","Parent work file is blocked","followUpTasks:4","COMO-FUD-2026-09-25-01","como-follow-up-desk"
"taskActivities","2610002","blocked","como_next_work_file_events","","Parent work file is blocked","followUpTasks:4","COMO-FUD-2026-09-25-01","como-follow-up-desk"
"taskActivities","2610003","blocked","como_next_work_file_events","","Parent work file is blocked","followUpTasks:4","COMO-FUD-2026-09-25-01","como-follow-up-desk"
"taskActivities","2610004","blocked","como_next_work_file_events","","Parent work file is blocked","followUpTasks:4","COMO-FUD-2026-09-25-01","como-follow-up-desk"
"taskActivities","2610005","blocked","como_next_work_file_events","","Parent work file is blocked","followUpTasks:4","COMO-FUD-2026-09-25-01","como-follow-up-desk"
"taskActivities","2610006","blocked","como_next_work_file_events","","Parent work file is blocked","followUpTasks:4","COMO-FUD-2026-09-25-01","como-follow-up-desk"
"taskActivities","2610007","blocked","como_next_work_file_events","","Parent work file is blocked","followUpTasks:4","COMO-FUD-2026-09-25-01","como-follow-up-desk"
"taskActivities","2610008","create_event","como_next_work_file_events","","Create under the staged parent work file with provenance","","COMO-FUD-2026-09-25-01","como-follow-up-desk"
"taskActivities","2610009","create_event","como_next_work_file_events","","Create under the staged parent work file with provenance","","COMO-FUD-2026-09-25-01","como-follow-up-desk"
"taskActivities","2610010","create_event","como_next_work_file_events","","Create under the staged parent work file with provenance","","COMO-FUD-2026-09-25-01","como-follow-up-desk"
"taskActivities","2610011","create_event","como_next_work_file_events","","Create under the staged parent work file with provenance","","COMO-FUD-2026-09-25-01","como-follow-up-desk"
"taskActivities","2610012","create_event","como_next_work_file_events","","Create under the staged parent work file with provenance","","COMO-FUD-2026-09-25-01","como-follow-up-desk"
"taskActivities","2610013","create_event","como_next_work_file_events","","Create under the staged parent work file with provenance","","COMO-FUD-2026-09-25-01","como-follow-up-desk"
"taskActivities","2610014","create_event","como_next_work_file_events","","Create under the staged parent work file with provenance","","COMO-FUD-2026-09-25-01","como-follow-up-desk"
"taskActivities","2610015","create_event","como_next_work_file_events","","Create under the staged parent work file with provenance","","COMO-FUD-2026-09-25-01","como-follow-up-desk"
"taskActivities","2610016","create_event","como_next_work_file_events","","Create under the staged parent work file with provenance","","COMO-FUD-2026-09-25-01","como-follow-up-desk"
"taskActivities","2640001","blocked","como_next_work_file_events","","Parent work file is blocked","followUpTasks:4","COMO-FUD-2026-09-25-01","como-follow-up-desk"
"taskActivities","2640002","blocked","como_next_work_file_events","","Parent work file is blocked","followUpTasks:4","COMO-FUD-2026-09-25-01","como-follow-up-desk"
"taskActivities","2640003","blocked","como_next_work_file_events","","Parent work file is blocked","followUpTasks:4","COMO-FUD-2026-09-25-01","como-follow-up-desk"
"taskActivities","2640004","blocked","como_next_work_file_events","","Parent work file is blocked","followUpTasks:4","COMO-FUD-2026-09-25-01","como-follow-up-desk"
"taskActivities","2640005","blocked","como_next_work_file_events","","Parent work file is blocked","followUpTasks:4","COMO-FUD-2026-09-25-01","como-follow-up-desk"
"taskActivities","2640006","create_event","como_next_work_file_events","","Create under the staged parent work file with provenance","","COMO-FUD-2026-09-25-01","como-follow-up-desk"
"taskActivities","2640007","create_event","como_next_work_file_events","","Create under the staged parent work file with provenance","","COMO-FUD-2026-09-25-01","como-follow-up-desk"
"taskActivities","2640008","create_event","como_next_work_file_events","","Create under the staged parent work file with provenance","","COMO-FUD-2026-09-25-01","como-follow-up-desk"
"taskActivities","2640009","create_event","como_next_work_file_events","","Create under the staged parent work file with provenance","","COMO-FUD-2026-09-25-01","como-follow-up-desk"
"taskActivities","2640010","create_event","como_next_work_file_events","","Create under the staged parent work file with provenance","","COMO-FUD-2026-09-25-01","como-follow-up-desk"
"taskActivities","2640011","create_event","como_next_work_file_events","","Create under the staged parent work file with provenance","","COMO-FUD-2026-09-25-01","como-follow-up-desk"
"taskActivities","2640012","create_event","como_next_work_file_events","","Create under the staged parent work file with provenance","","COMO-FUD-2026-09-25-01","como-follow-up-desk"
"taskActivities","2640013","create_event","como_next_work_file_events","","Create under the staged parent work file with provenance","","COMO-FUD-2026-09-25-01","como-follow-up-desk"
"taskActivities","2670001","blocked","como_next_work_file_events","","Parent work file is blocked","followUpTasks:4","COMO-FUD-2026-09-25-01","como-follow-up-desk"
"taskActivities","2670002","blocked","como_next_work_file_events","","Parent work file is blocked","followUpTasks:4","COMO-FUD-2026-09-25-01","como-follow-up-desk"
"taskActivities","2670003","blocked","como_next_work_file_events","","Parent work file is blocked","followUpTasks:4","COMO-FUD-2026-09-25-01","como-follow-up-desk"
"taskActivities","2670004","blocked","como_next_work_file_events","","Parent work file is blocked","followUpTasks:4","COMO-FUD-2026-09-25-01","como-follow-up-desk"
"taskActivities","2670005","blocked","como_next_work_file_events","","Parent work file is blocked","followUpTasks:4","COMO-FUD-2026-09-25-01","como-follow-up-desk"
"taskActivities","2670006","create_event","como_next_work_file_events","","Create under the staged parent work file with provenance","","COMO-FUD-2026-09-25-01","como-follow-up-desk"
"taskActivities","2670007","create_event","como_next_work_file_events","","Create under the staged parent work file with provenance","","COMO-FUD-2026-09-25-01","como-follow-up-desk"
"taskActivities","2670008","create_event","como_next_work_file_events","","Create under the staged parent work file with provenance","","COMO-FUD-2026-09-25-01","como-follow-up-desk"
"taskActivities","2670009","create_event","como_next_work_file_events","","Create under the staged parent work file with provenance","","COMO-FUD-2026-09-25-01","como-follow-up-desk"
"taskActivities","2670010","create_event","como_next_work_file_events","","Create under the staged parent work file with provenance","","COMO-FUD-2026-09-25-01","como-follow-up-desk"
"taskActivities","2670011","create_event","como_next_work_file_events","","Create under the staged parent work file with provenance","","COMO-FUD-2026-09-25-01","como-follow-up-desk"
"taskActivities","2670012","create_event","como_next_work_file_events","","Create under the staged parent work file with provenance","","COMO-FUD-2026-09-25-01","como-follow-up-desk"
"taskActivities","2670013","create_event","como_next_work_file_events","","Create under the staged parent work file with provenance","","COMO-FUD-2026-09-25-01","como-follow-up-desk"
"taskActivities","2670014","create_event","como_next_work_file_events","","Create under the staged parent work file with provenance","","COMO-FUD-2026-09-25-01","como-follow-up-desk"
"taskActivities","2700001","blocked","como_next_work_file_events","","Parent work file is blocked","followUpTasks:4","COMO-FUD-2026-09-25-01","como-follow-up-desk"
"taskActivities","2700002","blocked","como_next_work_file_events","","Parent work file is blocked","followUpTasks:4","COMO-FUD-2026-09-25-01","como-follow-up-desk"
"taskActivities","2700003","create_event","como_next_work_file_events","","Create under the staged parent work file with provenance","","COMO-FUD-2026-09-25-01","como-follow-up-desk"
"taskActivities","2730001","blocked","como_next_work_file_events","","Parent work file is blocked","followUpTasks:1","COMO-FUD-2026-09-25-01","como-follow-up-desk"
"taskActivities","2820001","blocked","como_next_work_file_events","","Parent work file is blocked","followUpTasks:4","COMO-FUD-2026-09-25-01","como-follow-up-desk"
"taskActivities","2820002","blocked","como_next_work_file_events","","Parent work file is blocked","followUpTasks:90001","COMO-FUD-2026-09-25-01","como-follow-up-desk"
"taskActivities","2850001","blocked","como_next_work_file_events","","Parent work file is blocked","followUpTasks:4","COMO-FUD-2026-09-25-01","como-follow-up-desk"
"taskActivities","2850002","blocked","como_next_work_file_events","","Parent work file is blocked","followUpTasks:90001","COMO-FUD-2026-09-25-01","como-follow-up-desk"
"taskActivities","2850003","blocked","como_next_work_file_events","","Parent work file is blocked","followUpTasks:150001","COMO-FUD-2026-09-25-01","como-follow-up-desk"
"taskActivities","2880001","blocked","como_next_work_file_events","","Parent work file is blocked","followUpTasks:90001","COMO-FUD-2026-09-25-01","como-follow-up-desk"
"taskActivities","2880002","blocked","como_next_work_file_events","","Parent work file is blocked","followUpTasks:4","COMO-FUD-2026-09-25-01","como-follow-up-desk"
"taskActivities","2910001","blocked","como_next_work_file_events","","Parent work file is blocked","followUpTasks:90001","COMO-FUD-2026-09-25-01","como-follow-up-desk"
"taskActivities","2910002","blocked","como_next_work_file_events","","Parent work file is blocked","followUpTasks:90001","COMO-FUD-2026-09-25-01","como-follow-up-desk"
"taskActivities","2910003","blocked","como_next_work_file_events","","Parent work file is blocked","followUpTasks:90001","COMO-FUD-2026-09-25-01","como-follow-up-desk"
"taskActivities","2910004","blocked","como_next_work_file_events","","Parent work file is blocked","followUpTasks:90001","COMO-FUD-2026-09-25-01","como-follow-up-desk"
"taskActivities","2940001","blocked","como_next_work_file_events","","Parent work file is blocked","followUpTasks:90001","COMO-FUD-2026-09-25-01","como-follow-up-desk"
"taskActivities","2940002","blocked","como_next_work_file_events","","Parent work file is blocked","followUpTasks:90001","COMO-FUD-2026-09-25-01","como-follow-up-desk"
"taskActivities","2940003","blocked","como_next_work_file_events","","Parent work file is blocked","followUpTasks:90001","COMO-FUD-2026-09-25-01","como-follow-up-desk"
"taskActivities","2970001","blocked","como_next_work_file_events","","Parent work file is blocked","followUpTasks:150001","COMO-FUD-2026-09-25-01","como-follow-up-desk"
"taskActivities","2970002","blocked","como_next_work_file_events","","Parent work file is blocked","followUpTasks:150001","COMO-FUD-2026-09-25-01","como-follow-up-desk"
"taskActivities","2970003","blocked","como_next_work_file_events","","Parent work file is blocked","followUpTasks:150001","COMO-FUD-2026-09-25-01","como-follow-up-desk"
"taskActivities","2970004","blocked","como_next_work_file_events","","Parent work file is blocked","followUpTasks:150001","COMO-FUD-2026-09-25-01","como-follow-up-desk"
"taskActivities","3000001","blocked","como_next_work_file_events","","Parent work file is blocked","followUpTasks:150001","COMO-FUD-2026-09-25-01","como-follow-up-desk"
"taskActivities","3000002","blocked","como_next_work_file_events","","Parent work file is blocked","followUpTasks:150001","COMO-FUD-2026-09-25-01","como-follow-up-desk"
"taskActivities","3000003","blocked","como_next_work_file_events","","Parent work file is blocked","followUpTasks:150001","COMO-FUD-2026-09-25-01","como-follow-up-desk"
"taskActivities","3030001","blocked","como_next_work_file_events","","Parent work file is blocked","followUpTasks:5","COMO-FUD-2026-09-25-01","como-follow-up-desk"
"taskActivities","3030002","blocked","como_next_work_file_events","","Parent work file is blocked","followUpTasks:5","COMO-FUD-2026-09-25-01","como-follow-up-desk"
"taskActivities","3030003","blocked","como_next_work_file_events","","Parent work file is blocked","followUpTasks:5","COMO-FUD-2026-09-25-01","como-follow-up-desk"
"taskActivities","3030004","blocked","como_next_work_file_events","","Parent work file is blocked","followUpTasks:5","COMO-FUD-2026-09-25-01","como-follow-up-desk"
"taskActivities","3030005","blocked","como_next_work_file_events","","Parent work file is blocked","followUpTasks:5","COMO-FUD-2026-09-25-01","como-follow-up-desk"
"taskActivities","3030006","blocked","como_next_work_file_events","","Parent work file is blocked","followUpTasks:5","COMO-FUD-2026-09-25-01","como-follow-up-desk"
"taskActivities","3030007","blocked","como_next_work_file_events","","Parent work file is blocked","followUpTasks:5","COMO-FUD-2026-09-25-01","como-follow-up-desk"
"taskActivities","3030008","blocked","como_next_work_file_events","","Parent work file is blocked","followUpTasks:5","COMO-FUD-2026-09-25-01","como-follow-up-desk"
"taskActivities","3060001","create_event","como_next_work_file_events","","Create under the staged parent work file with provenance","","COMO-FUD-2026-09-25-01","como-follow-up-desk"
"taskActivities","3060002","blocked","como_next_work_file_events","","Parent work file is blocked","followUpTasks:60001","COMO-FUD-2026-09-25-01","como-follow-up-desk"
"taskActivities","3090001","create_event","como_next_work_file_events","","Create under the staged parent work file with provenance","","COMO-FUD-2026-09-25-01","como-follow-up-desk"
"taskActivities","3120001","blocked","como_next_work_file_events","","Parent work file is blocked","followUpTasks:4","COMO-FUD-2026-09-25-01","como-follow-up-desk"
"taskActivities","3150001","blocked","como_next_work_file_events","","Parent work file is blocked","followUpTasks:3","COMO-FUD-2026-09-25-01","como-follow-up-desk"
"taskActivities","3150002","create_event","como_next_work_file_events","","Create under the staged parent work file with provenance","","COMO-FUD-2026-09-25-01","como-follow-up-desk"
"taskActivities","3180001","blocked","como_next_work_file_events","","Parent work file is blocked","followUpTasks:4","COMO-FUD-2026-09-25-01","como-follow-up-desk"
"taskActivities","3180002","create_event","como_next_work_file_events","","Create under the staged parent work file with provenance","","COMO-FUD-2026-09-25-01","como-follow-up-desk"
"taskActivities","3210001","blocked","como_next_work_file_events","","Parent work file is blocked","followUpTasks:90001","COMO-FUD-2026-09-25-01","como-follow-up-desk"
"taskActivities","3240001","blocked","como_next_work_file_events","","Parent work file is blocked","followUpTasks:90001","COMO-FUD-2026-09-25-01","como-follow-up-desk"
"users","1","map_existing","users","3330456","Exact approved user mapping","","COMO-FUD-2026-09-25-01","como-follow-up-desk"
"users","750001","map_existing","users","1","Exact approved user mapping","","COMO-FUD-2026-09-25-01","como-follow-up-desk"
"users","10680001","map_existing","users","1890097","Exact approved user mapping","","COMO-FUD-2026-09-25-01","como-follow-up-desk"
"workEntries","1","blocked","como_next_work_entries","","Parent work file is blocked","followUpTasks:1","COMO-FUD-2026-09-25-01","como-follow-up-desk"
"workEntries","2","blocked","como_next_work_entries","","Parent work file is blocked","followUpTasks:1","COMO-FUD-2026-09-25-01","como-follow-up-desk"
"workEntries","3","blocked","como_next_work_entries","","Parent work file is blocked","followUpTasks:1","COMO-FUD-2026-09-25-01","como-follow-up-desk"
"workEntries","4","blocked","como_next_work_entries","","Parent work file is blocked","followUpTasks:1","COMO-FUD-2026-09-25-01","como-follow-up-desk"
"workEntries","5","blocked","como_next_work_entries","","Parent work file is blocked","followUpTasks:2","COMO-FUD-2026-09-25-01","como-follow-up-desk"
"workEntries","6","blocked","como_next_work_entries","","Parent work file is blocked","followUpTasks:2","COMO-FUD-2026-09-25-01","como-follow-up-desk"
"workEntries","7","blocked","como_next_work_entries","","Parent work file is blocked","followUpTasks:2","COMO-FUD-2026-09-25-01","como-follow-up-desk"
"workEntries","8","blocked","como_next_work_entries","","Parent work file is blocked","followUpTasks:3","COMO-FUD-2026-09-25-01","como-follow-up-desk"
"workEntries","9","blocked","como_next_work_entries","","Parent work file is blocked","followUpTasks:3","COMO-FUD-2026-09-25-01","como-follow-up-desk"
"workEntries","10","blocked","como_next_work_entries","","Parent work file is blocked","followUpTasks:4","COMO-FUD-2026-09-25-01","como-follow-up-desk"
"workEntries","11","blocked","como_next_work_entries","","Parent work file is blocked","followUpTasks:4","COMO-FUD-2026-09-25-01","como-follow-up-desk"
"workEntries","12","blocked","como_next_work_entries","","Parent work file is blocked","followUpTasks:4","COMO-FUD-2026-09-25-01","como-follow-up-desk"
"workEntries","13","blocked","como_next_work_entries","","Parent work file is blocked","followUpTasks:4","COMO-FUD-2026-09-25-01","como-follow-up-desk"
"workEntries","14","blocked","como_next_work_entries","","Parent work file is blocked","followUpTasks:4","COMO-FUD-2026-09-25-01","como-follow-up-desk"
"workEntries","15","blocked","como_next_work_entries","","Parent work file is blocked","followUpTasks:4","COMO-FUD-2026-09-25-01","como-follow-up-desk"
"workEntries","16","create_entry","como_next_work_entries","","Create under the staged parent work file with provenance","","COMO-FUD-2026-09-25-01","como-follow-up-desk"
"workEntries","17","create_entry","como_next_work_entries","","Create under the staged parent work file with provenance","","COMO-FUD-2026-09-25-01","como-follow-up-desk"
"workEntries","30001","blocked","como_next_work_entries","","Parent work file is blocked","followUpTasks:30001","COMO-FUD-2026-09-25-01","como-follow-up-desk"
"workEntries","30002","blocked","como_next_work_entries","","Parent work file is blocked","followUpTasks:30001","COMO-FUD-2026-09-25-01","como-follow-up-desk"
"workEntries","30003","blocked","como_next_work_entries","","Parent work file is blocked","followUpTasks:30001","COMO-FUD-2026-09-25-01","como-follow-up-desk"
"workEntries","30004","blocked","como_next_work_entries","","Parent work file is blocked","followUpTasks:30001","COMO-FUD-2026-09-25-01","como-follow-up-desk"
"workEntries","60001","blocked","como_next_work_entries","","Parent work file is blocked","followUpTasks:30001","COMO-FUD-2026-09-25-01","como-follow-up-desk"
"workEntries","90001","blocked","como_next_work_entries","","Parent work file is blocked","followUpTasks:120001","COMO-FUD-2026-09-25-01","como-follow-up-desk"
"workEntries","120001","blocked","como_next_work_entries","","Parent work file is blocked","followUpTasks:2","COMO-FUD-2026-09-25-01","como-follow-up-desk"
"workEntries","150001","blocked","como_next_work_entries","","Parent work file is blocked","followUpTasks:4","COMO-FUD-2026-09-25-01","como-follow-up-desk"
"workEntries","150002","blocked","como_next_work_entries","","Parent work file is blocked","followUpTasks:4","COMO-FUD-2026-09-25-01","como-follow-up-desk"
"workEntries","180001","blocked","como_next_work_entries","","Parent work file is blocked","followUpTasks:1","COMO-FUD-2026-09-25-01","como-follow-up-desk"
"workEntries","180002","blocked","como_next_work_entries","","Parent work file is blocked","followUpTasks:1","COMO-FUD-2026-09-25-01","como-follow-up-desk"
"workEntries","180003","blocked","como_next_work_entries","","Parent work file is blocked","followUpTasks:1","COMO-FUD-2026-09-25-01","como-follow-up-desk"
"workEntries","210001","blocked","como_next_work_entries","","Parent work file is blocked","followUpTasks:60001","COMO-FUD-2026-09-25-01","como-follow-up-desk"
"workEntries","210002","blocked","como_next_work_entries","","Parent work file is blocked","followUpTasks:60001","COMO-FUD-2026-09-25-01","como-follow-up-desk"
"workEntries","210003","blocked","como_next_work_entries","","Parent work file is blocked","followUpTasks:60001","COMO-FUD-2026-09-25-01","como-follow-up-desk"
"workEntries","210004","blocked","como_next_work_entries","","Parent work file is blocked","followUpTasks:60001","COMO-FUD-2026-09-25-01","como-follow-up-desk"
"workEntries","240001","blocked","como_next_work_entries","","Parent work file is blocked","followUpTasks:2","COMO-FUD-2026-09-25-01","como-follow-up-desk"
"workEntries","240002","blocked","como_next_work_entries","","Parent work file is blocked","followUpTasks:2","COMO-FUD-2026-09-25-01","como-follow-up-desk"
"workEntries","240003","blocked","como_next_work_entries","","Parent work file is blocked","followUpTasks:2","COMO-FUD-2026-09-25-01","como-follow-up-desk"
"workEntries","240004","blocked","como_next_work_entries","","Parent work file is blocked","followUpTasks:4","COMO-FUD-2026-09-25-01","como-follow-up-desk"
"workEntries","240005","blocked","como_next_work_entries","","Parent work file is blocked","followUpTasks:4","COMO-FUD-2026-09-25-01","como-follow-up-desk"
"workEntries","240006","blocked","como_next_work_entries","","Parent work file is blocked","followUpTasks:4","COMO-FUD-2026-09-25-01","como-follow-up-desk"
"workEntries","270001","blocked","como_next_work_entries","","Parent work file is blocked","followUpTasks:3","COMO-FUD-2026-09-25-01","como-follow-up-desk"
"workEntries","270002","blocked","como_next_work_entries","","Parent work file is blocked","followUpTasks:3","COMO-FUD-2026-09-25-01","como-follow-up-desk"
"workEntries","270003","create_entry","como_next_work_entries","","Create under the staged parent work file with provenance","","COMO-FUD-2026-09-25-01","como-follow-up-desk"
"workEntries","270004","create_entry","como_next_work_entries","","Create under the staged parent work file with provenance","","COMO-FUD-2026-09-25-01","como-follow-up-desk"
"workEntries","300001","blocked","como_next_work_entries","","Parent work file is blocked","followUpTasks:3","COMO-FUD-2026-09-25-01","como-follow-up-desk"
"workEntries","300002","create_entry","como_next_work_entries","","Create under the staged parent work file with provenance","","COMO-FUD-2026-09-25-01","como-follow-up-desk"
"workEntries","330001","create_entry","como_next_work_entries","","Create under the staged parent work file with provenance","","COMO-FUD-2026-09-25-01","como-follow-up-desk"
"workEntries","330002","create_entry","como_next_work_entries","","Create under the staged parent work file with provenance","","COMO-FUD-2026-09-25-01","como-follow-up-desk"
"workEntries","360001","create_entry","como_next_work_entries","","Create under the staged parent work file with provenance","","COMO-FUD-2026-09-25-01","como-follow-up-desk"
"workEntries","360002","create_entry","como_next_work_entries","","Create under the staged parent work file with provenance","","COMO-FUD-2026-09-25-01","como-follow-up-desk"
"workEntries","360003","create_entry","como_next_work_entries","","Create under the staged parent work file with provenance","","COMO-FUD-2026-09-25-01","como-follow-up-desk"
"workEntries","390001","blocked","como_next_work_entries","","Parent work file is blocked","followUpTasks:90001","COMO-FUD-2026-09-25-01","como-follow-up-desk"
"workEntries","390002","blocked","como_next_work_entries","","Parent work file is blocked","followUpTasks:90001","COMO-FUD-2026-09-25-01","como-follow-up-desk"
"workEntries","390003","blocked","como_next_work_entries","","Parent work file is blocked","followUpTasks:90001","COMO-FUD-2026-09-25-01","como-follow-up-desk"
"workEntries","420001","blocked","como_next_work_entries","","Parent work file is blocked","followUpTasks:4","COMO-FUD-2026-09-25-01","como-follow-up-desk"
"workEntries","420002","blocked","como_next_work_entries","","Parent work file is blocked","followUpTasks:4","COMO-FUD-2026-09-25-01","como-follow-up-desk"
"workEntries","420003","blocked","como_next_work_entries","","Parent work file is blocked","followUpTasks:4","COMO-FUD-2026-09-25-01","como-follow-up-desk"
"workEntries","420004","blocked","como_next_work_entries","","Parent work file is blocked","followUpTasks:4","COMO-FUD-2026-09-25-01","como-follow-up-desk"
"workEntries","450001","blocked","como_next_work_entries","","Parent work file is blocked","followUpTasks:30001","COMO-FUD-2026-09-25-01","como-follow-up-desk"
"workEntries","480001","blocked","como_next_work_entries","","Parent work file is blocked","followUpTasks:5","COMO-FUD-2026-09-25-01","como-follow-up-desk"
"workEntries","480002","blocked","como_next_work_entries","","Parent work file is blocked","followUpTasks:5","COMO-FUD-2026-09-25-01","como-follow-up-desk"
"workEntries","480003","blocked","como_next_work_entries","","Parent work file is blocked","followUpTasks:5","COMO-FUD-2026-09-25-01","como-follow-up-desk"
"workEntries","480004","blocked","como_next_work_entries","","Parent work file is blocked","followUpTasks:5","COMO-FUD-2026-09-25-01","como-follow-up-desk"
"workEntries","480005","blocked","como_next_work_entries","","Parent work file is blocked","followUpTasks:5","COMO-FUD-2026-09-25-01","como-follow-up-desk"
"workEntries","510001","blocked","como_next_work_entries","","Parent work file is blocked","followUpTasks:5","COMO-FUD-2026-09-25-01","como-follow-up-desk"
"workEntries","540001","blocked","como_next_work_entries","","Parent work file is blocked","followUpTasks:2","COMO-FUD-2026-09-25-01","como-follow-up-desk"
"workEntries","570001","blocked","como_next_work_entries","","Parent work file is blocked","followUpTasks:2","COMO-FUD-2026-09-25-01","como-follow-up-desk"
"workEntries","570002","blocked","como_next_work_entries","","Parent work file is blocked","followUpTasks:1","COMO-FUD-2026-09-25-01","como-follow-up-desk"
"workEntries","570003","blocked","como_next_work_entries","","Parent work file is blocked","followUpTasks:30001","COMO-FUD-2026-09-25-01","como-follow-up-desk"
"workEntries","570004","blocked","como_next_work_entries","","Parent work file is blocked","followUpTasks:30001","COMO-FUD-2026-09-25-01","como-follow-up-desk"
"workEntries","570005","blocked","como_next_work_entries","","Parent work file is blocked","followUpTasks:30001","COMO-FUD-2026-09-25-01","como-follow-up-desk"
"workEntries","570006","blocked","como_next_work_entries","","Parent work file is blocked","followUpTasks:1","COMO-FUD-2026-09-25-01","como-follow-up-desk"
"workEntries","570007","blocked","como_next_work_entries","","Parent work file is blocked","followUpTasks:1","COMO-FUD-2026-09-25-01","como-follow-up-desk"
"workEntries","570008","blocked","como_next_work_entries","","Parent work file is blocked","followUpTasks:2","COMO-FUD-2026-09-25-01","como-follow-up-desk"
"workEntries","570009","blocked","como_next_work_entries","","Parent work file is blocked","followUpTasks:2","COMO-FUD-2026-09-25-01","como-follow-up-desk"
"workEntries","600001","create_entry","como_next_work_entries","","Create under the staged parent work file with provenance","","COMO-FUD-2026-09-25-01","como-follow-up-desk"
"workEntries","600002","create_entry","como_next_work_entries","","Create under the staged parent work file with provenance","","COMO-FUD-2026-09-25-01","como-follow-up-desk"
"workEntries","630001","blocked","como_next_work_entries","","Parent work file is blocked","followUpTasks:3","COMO-FUD-2026-09-25-01","como-follow-up-desk"
"workEntries","630002","blocked","como_next_work_entries","","Parent work file is blocked","followUpTasks:3","COMO-FUD-2026-09-25-01","como-follow-up-desk"
"workEntries","630003","blocked","como_next_work_entries","","Parent work file is blocked","followUpTasks:3","COMO-FUD-2026-09-25-01","como-follow-up-desk"
"workEntries","630004","blocked","como_next_work_entries","","Parent work file is blocked","followUpTasks:3","COMO-FUD-2026-09-25-01","como-follow-up-desk"
"workEntries","630005","blocked","como_next_work_entries","","Parent work file is blocked","followUpTasks:3","COMO-FUD-2026-09-25-01","como-follow-up-desk"
"workEntries","630006","blocked","como_next_work_entries","","Parent work file is blocked","followUpTasks:3","COMO-FUD-2026-09-25-01","como-follow-up-desk"
"workEntries","630007","blocked","como_next_work_entries","","Parent work file is blocked","followUpTasks:5","COMO-FUD-2026-09-25-01","como-follow-up-desk"
"workEntries","660001","blocked","como_next_work_entries","","Parent work file is blocked","followUpTasks:3","COMO-FUD-2026-09-25-01","como-follow-up-desk"
"workEntries","660002","blocked","como_next_work_entries","","Parent work file is blocked","followUpTasks:3","COMO-FUD-2026-09-25-01","como-follow-up-desk"
"workEntries","690001","blocked","como_next_work_entries","","Parent work file is blocked","followUpTasks:5","COMO-FUD-2026-09-25-01","como-follow-up-desk"
"workEntries","690002","blocked","como_next_work_entries","","Parent work file is blocked","followUpTasks:4","COMO-FUD-2026-09-25-01","como-follow-up-desk"
"workEntries","720001","blocked","como_next_work_entries","","Parent work file is blocked","followUpTasks:30001","COMO-FUD-2026-09-25-01","como-follow-up-desk"
"workEntries","750001","blocked","como_next_work_entries","","Parent work file is blocked","followUpTasks:5","COMO-FUD-2026-09-25-01","como-follow-up-desk"
"workEntries","750002","blocked","como_next_work_entries","","Parent work file is blocked","followUpTasks:5","COMO-FUD-2026-09-25-01","como-follow-up-desk"
"workEntries","750003","blocked","como_next_work_entries","","Parent work file is blocked","followUpTasks:5","COMO-FUD-2026-09-25-01","como-follow-up-desk"
"workEntries","780001","blocked","como_next_work_entries","","Parent work file is blocked","followUpTasks:5","COMO-FUD-2026-09-25-01","como-follow-up-desk"
"workEntries","780002","blocked","como_next_work_entries","","Parent work file is blocked","followUpTasks:90001","COMO-FUD-2026-09-25-01","como-follow-up-desk"
"workEntries","780003","blocked","como_next_work_entries","","Parent work file is blocked","followUpTasks:4","COMO-FUD-2026-09-25-01","como-follow-up-desk"
"workEntries","810001","blocked","como_next_work_entries","","Parent work file is blocked","followUpTasks:5","COMO-FUD-2026-09-25-01","como-follow-up-desk"
"workEntries","840001","blocked","como_next_work_entries","","Parent work file is blocked","followUpTasks:90001","COMO-FUD-2026-09-25-01","como-follow-up-desk"
"workEntries","840002","blocked","como_next_work_entries","","Parent work file is blocked","followUpTasks:4","COMO-FUD-2026-09-25-01","como-follow-up-desk"
"workEntries","870001","blocked","como_next_work_entries","","Parent work file is blocked","followUpTasks:90001","COMO-FUD-2026-09-25-01","como-follow-up-desk"
"workEntries","900001","blocked","como_next_work_entries","","Parent work file is blocked","followUpTasks:30001","COMO-FUD-2026-09-25-01","como-follow-up-desk"
"workEntries","900002","blocked","como_next_work_entries","","Parent work file is blocked","followUpTasks:30001","COMO-FUD-2026-09-25-01","como-follow-up-desk"
"workEntries","900003","blocked","como_next_work_entries","","Parent work file is blocked","followUpTasks:30001","COMO-FUD-2026-09-25-01","como-follow-up-desk"
"workEntries","900004","blocked","como_next_work_entries","","Parent work file is blocked","followUpTasks:5","COMO-FUD-2026-09-25-01","como-follow-up-desk"
"workEntries","900005","blocked","como_next_work_entries","","Parent work file is blocked","followUpTasks:5","COMO-FUD-2026-09-25-01","como-follow-up-desk"
"workEntries","900006","blocked","como_next_work_entries","","Parent work file is blocked","followUpTasks:5","COMO-FUD-2026-09-25-01","como-follow-up-desk"
"workEntries","930001","blocked","como_next_work_entries","","Parent work file is blocked","followUpTasks:5","COMO-FUD-2026-09-25-01","como-follow-up-desk"
"workEntries","960001","blocked","como_next_work_entries","","Parent work file is blocked","followUpTasks:1","COMO-FUD-2026-09-25-01","como-follow-up-desk"
"workEntries","960002","blocked","como_next_work_entries","","Parent work file is blocked","followUpTasks:1","COMO-FUD-2026-09-25-01","como-follow-up-desk"
"workEntries","960003","blocked","como_next_work_entries","","Parent work file is blocked","followUpTasks:1","COMO-FUD-2026-09-25-01","como-follow-up-desk"
"workEntries","990001","create_entry","como_next_work_entries","","Create under the staged parent work file with provenance","","COMO-FUD-2026-09-25-01","como-follow-up-desk"
"workEntries","1020001","blocked","como_next_work_entries","","Parent work file is blocked","followUpTasks:90001","COMO-FUD-2026-09-25-01","como-follow-up-desk"
"workEntries","1020002","blocked","como_next_work_entries","","Parent work file is blocked","followUpTasks:90001","COMO-FUD-2026-09-25-01","como-follow-up-desk"
"workEntries","1020003","blocked","como_next_work_entries","","Parent work file is blocked","followUpTasks:90001","COMO-FUD-2026-09-25-01","como-follow-up-desk"
"workEntries","1050001","create_entry","como_next_work_entries","","Create under the staged parent work file with provenance","","COMO-FUD-2026-09-25-01","como-follow-up-desk"
"workEntries","1050002","create_entry","como_next_work_entries","","Create under the staged parent work file with provenance","","COMO-FUD-2026-09-25-01","como-follow-up-desk"
"workEntries","1050003","create_entry","como_next_work_entries","","Create under the staged parent work file with provenance","","COMO-FUD-2026-09-25-01","como-follow-up-desk"
"workEntries","1050004","create_entry","como_next_work_entries","","Create under the staged parent work file with provenance","","COMO-FUD-2026-09-25-01","como-follow-up-desk"
"workEntries","1050005","create_entry","como_next_work_entries","","Create under the staged parent work file with provenance","","COMO-FUD-2026-09-25-01","como-follow-up-desk"
"workEntries","1080001","blocked","como_next_work_entries","","Parent work file is blocked","followUpTasks:1","COMO-FUD-2026-09-25-01","como-follow-up-desk"
"workEntries","1080002","create_entry","como_next_work_entries","","Create under the staged parent work file with provenance","","COMO-FUD-2026-09-25-01","como-follow-up-desk"
"workEntries","1110001","blocked","como_next_work_entries","","Parent work file is blocked","followUpTasks:4","COMO-FUD-2026-09-25-01","como-follow-up-desk"
"workEntries","1110002","blocked","como_next_work_entries","","Parent work file is blocked","followUpTasks:4","COMO-FUD-2026-09-25-01","como-follow-up-desk"
"workEntries","1110003","blocked","como_next_work_entries","","Parent work file is blocked","followUpTasks:4","COMO-FUD-2026-09-25-01","como-follow-up-desk"
"workEntries","1140001","blocked","como_next_work_entries","","Parent work file is blocked","followUpTasks:3","COMO-FUD-2026-09-25-01","como-follow-up-desk"
"workEntries","1140002","blocked","como_next_work_entries","","Parent work file is blocked","followUpTasks:3","COMO-FUD-2026-09-25-01","como-follow-up-desk"
"workEntries","1170001","blocked","como_next_work_entries","","Parent work file is blocked","followUpTasks:3","COMO-FUD-2026-09-25-01","como-follow-up-desk"
"workEntries","1200001","blocked","como_next_work_entries","","Parent work file is blocked","followUpTasks:4","COMO-FUD-2026-09-25-01","como-follow-up-desk"
"workEntries","1200002","blocked","como_next_work_entries","","Parent work file is blocked","followUpTasks:4","COMO-FUD-2026-09-25-01","como-follow-up-desk"
"workEntries","1200003","blocked","como_next_work_entries","","Parent work file is blocked","followUpTasks:4","COMO-FUD-2026-09-25-01","como-follow-up-desk"
"workEntries","1200004","blocked","como_next_work_entries","","Parent work file is blocked","followUpTasks:4","COMO-FUD-2026-09-25-01","como-follow-up-desk"
"workEntries","1200005","blocked","como_next_work_entries","","Parent work file is blocked","followUpTasks:4","COMO-FUD-2026-09-25-01","como-follow-up-desk"
"workEntries","1200006","blocked","como_next_work_entries","","Parent work file is blocked","followUpTasks:90001","COMO-FUD-2026-09-25-01","como-follow-up-desk"
"workEntries","1230001","blocked","como_next_work_entries","","Parent work file is blocked","followUpTasks:90001","COMO-FUD-2026-09-25-01","como-follow-up-desk"
"workEntries","1260001","blocked","como_next_work_entries","","Parent work file is blocked","followUpTasks:4","COMO-FUD-2026-09-25-01","como-follow-up-desk"
"workEntries","1260002","blocked","como_next_work_entries","","Parent work file is blocked","followUpTasks:4","COMO-FUD-2026-09-25-01","como-follow-up-desk"
"workEntries","1260003","blocked","como_next_work_entries","","Parent work file is blocked","followUpTasks:90001","COMO-FUD-2026-09-25-01","como-follow-up-desk"
"workEntries","1260004","blocked","como_next_work_entries","","Parent work file is blocked","followUpTasks:90001","COMO-FUD-2026-09-25-01","como-follow-up-desk"
"workEntries","1260005","blocked","como_next_work_entries","","Parent work file is blocked","followUpTasks:90001","COMO-FUD-2026-09-25-01","como-follow-up-desk"
"workEntries","1290001","blocked","como_next_work_entries","","Parent work file is blocked","followUpTasks:3","COMO-FUD-2026-09-25-01","como-follow-up-desk"
"workEntries","1290002","blocked","como_next_work_entries","","Parent work file is blocked","followUpTasks:3","COMO-FUD-2026-09-25-01","como-follow-up-desk"
"workEntries","1290003","blocked","como_next_work_entries","","Parent work file is blocked","followUpTasks:3","COMO-FUD-2026-09-25-01","como-follow-up-desk"
"workEntries","1290004","blocked","como_next_work_entries","","Parent work file is blocked","followUpTasks:3","COMO-FUD-2026-09-25-01","como-follow-up-desk"
"workEntries","1290005","blocked","como_next_work_entries","","Parent work file is blocked","followUpTasks:3","COMO-FUD-2026-09-25-01","como-follow-up-desk"
"workEntries","1290006","blocked","como_next_work_entries","","Parent work file is blocked","followUpTasks:3","COMO-FUD-2026-09-25-01","como-follow-up-desk"
"workEntries","1290007","blocked","como_next_work_entries","","Parent work file is blocked","followUpTasks:3","COMO-FUD-2026-09-25-01","como-follow-up-desk"
"workEntries","1290008","blocked","como_next_work_entries","","Parent work file is blocked","followUpTasks:3","COMO-FUD-2026-09-25-01","como-follow-up-desk"
"workEntries","1290009","blocked","como_next_work_entries","","Parent work file is blocked","followUpTasks:3","COMO-FUD-2026-09-25-01","como-follow-up-desk"
"workEntries","1290010","blocked","como_next_work_entries","","Parent work file is blocked","followUpTasks:3","COMO-FUD-2026-09-25-01","como-follow-up-desk"
"workEntries","1290011","blocked","como_next_work_entries","","Parent work file is blocked","followUpTasks:3","COMO-FUD-2026-09-25-01","como-follow-up-desk"
"workEntries","1290012","blocked","como_next_work_entries","","Parent work file is blocked","followUpTasks:3","COMO-FUD-2026-09-25-01","como-follow-up-desk"
"workEntries","1290013","blocked","como_next_work_entries","","Parent work file is blocked","followUpTasks:3","COMO-FUD-2026-09-25-01","como-follow-up-desk"
"workEntries","1290014","blocked","como_next_work_entries","","Parent work file is blocked","followUpTasks:3","COMO-FUD-2026-09-25-01","como-follow-up-desk"
"workEntries","1290015","blocked","como_next_work_entries","","Parent work file is blocked","followUpTasks:3","COMO-FUD-2026-09-25-01","como-follow-up-desk"
"workEntries","1320001","blocked","como_next_work_entries","","Parent work file is blocked","followUpTasks:3","COMO-FUD-2026-09-25-01","como-follow-up-desk"
"workEntries","1320002","blocked","como_next_work_entries","","Parent work file is blocked","followUpTasks:3","COMO-FUD-2026-09-25-01","como-follow-up-desk"
"workEntries","1350001","blocked","como_next_work_entries","","Parent work file is blocked","followUpTasks:4","COMO-FUD-2026-09-25-01","como-follow-up-desk"
"workEntries","1380001","blocked","como_next_work_entries","","Parent work file is blocked","followUpTasks:4","COMO-FUD-2026-09-25-01","como-follow-up-desk"
"workEntries","1410001","blocked","como_next_work_entries","","Parent work file is blocked","followUpTasks:60001","COMO-FUD-2026-09-25-01","como-follow-up-desk"
"workEntries","1410002","blocked","como_next_work_entries","","Parent work file is blocked","followUpTasks:60001","COMO-FUD-2026-09-25-01","como-follow-up-desk"
"workEntries","1410003","blocked","como_next_work_entries","","Parent work file is blocked","followUpTasks:60001","COMO-FUD-2026-09-25-01","como-follow-up-desk"
"workEntries","1410004","blocked","como_next_work_entries","","Parent work file is blocked","followUpTasks:150001","COMO-FUD-2026-09-25-01","como-follow-up-desk"
"workEntries","1410005","blocked","como_next_work_entries","","Parent work file is blocked","followUpTasks:150001","COMO-FUD-2026-09-25-01","como-follow-up-desk"
"workEntries","1410006","blocked","como_next_work_entries","","Parent work file is blocked","followUpTasks:150001","COMO-FUD-2026-09-25-01","como-follow-up-desk"
"workEntries","1410007","blocked","como_next_work_entries","","Parent work file is blocked","followUpTasks:3","COMO-FUD-2026-09-25-01","como-follow-up-desk"
"workEntries","1410008","blocked","como_next_work_entries","","Parent work file is blocked","followUpTasks:3","COMO-FUD-2026-09-25-01","como-follow-up-desk"
"workEntries","1410009","blocked","como_next_work_entries","","Parent work file is blocked","followUpTasks:3","COMO-FUD-2026-09-25-01","como-follow-up-desk"
"workEntries","1410010","blocked","como_next_work_entries","","Parent work file is blocked","followUpTasks:3","COMO-FUD-2026-09-25-01","como-follow-up-desk"
"workEntries","1410011","blocked","como_next_work_entries","","Parent work file is blocked","followUpTasks:3","COMO-FUD-2026-09-25-01","como-follow-up-desk"
"workEntries","1410012","blocked","como_next_work_entries","","Parent work file is blocked","followUpTasks:3","COMO-FUD-2026-09-25-01","como-follow-up-desk"
"workEntries","1410013","blocked","como_next_work_entries","","Parent work file is blocked","followUpTasks:5","COMO-FUD-2026-09-25-01","como-follow-up-desk"
"workEntries","1410014","blocked","como_next_work_entries","","Parent work file is blocked","followUpTasks:5","COMO-FUD-2026-09-25-01","como-follow-up-desk"
"workEntries","1410015","blocked","como_next_work_entries","","Parent work file is blocked","followUpTasks:5","COMO-FUD-2026-09-25-01","como-follow-up-desk"
"workEntries","1410016","blocked","como_next_work_entries","","Parent work file is blocked","followUpTasks:90001","COMO-FUD-2026-09-25-01","como-follow-up-desk"
"workEntries","1410017","blocked","como_next_work_entries","","Parent work file is blocked","followUpTasks:90001","COMO-FUD-2026-09-25-01","como-follow-up-desk"
"workEntries","1410018","blocked","como_next_work_entries","","Parent work file is blocked","followUpTasks:90001","COMO-FUD-2026-09-25-01","como-follow-up-desk"
"workEntries","1410019","blocked","como_next_work_entries","","Parent work file is blocked","followUpTasks:90001","COMO-FUD-2026-09-25-01","como-follow-up-desk"
"workEntries","1440001","blocked","como_next_work_entries","","Parent work file is blocked","followUpTasks:90001","COMO-FUD-2026-09-25-01","como-follow-up-desk"
"workEntries","1440002","blocked","como_next_work_entries","","Parent work file is blocked","followUpTasks:90001","COMO-FUD-2026-09-25-01","como-follow-up-desk"
"workEntries","1440003","blocked","como_next_work_entries","","Parent work file is blocked","followUpTasks:90001","COMO-FUD-2026-09-25-01","como-follow-up-desk"
"workEntries","1470001","blocked","como_next_work_entries","","Parent work file is blocked","followUpTasks:150001","COMO-FUD-2026-09-25-01","como-follow-up-desk"
"workEntries","1470002","blocked","como_next_work_entries","","Parent work file is blocked","followUpTasks:150001","COMO-FUD-2026-09-25-01","como-follow-up-desk"
"workEntries","1470003","blocked","como_next_work_entries","","Parent work file is blocked","followUpTasks:150001","COMO-FUD-2026-09-25-01","como-follow-up-desk"
"workEntries","1470004","blocked","como_next_work_entries","","Parent work file is blocked","followUpTasks:150001","COMO-FUD-2026-09-25-01","como-follow-up-desk"
"workEntries","1470005","blocked","como_next_work_entries","","Parent work file is blocked","followUpTasks:150001","COMO-FUD-2026-09-25-01","como-follow-up-desk"
"workEntries","1500001","blocked","como_next_work_entries","","Parent work file is blocked","followUpTasks:90001","COMO-FUD-2026-09-25-01","como-follow-up-desk"
"workEntries","1500002","blocked","como_next_work_entries","","Parent work file is blocked","followUpTasks:150001","COMO-FUD-2026-09-25-01","como-follow-up-desk"
"workEntries","1500003","blocked","como_next_work_entries","","Parent work file is blocked","followUpTasks:150001","COMO-FUD-2026-09-25-01","como-follow-up-desk"
"workEntries","1500004","blocked","como_next_work_entries","","Parent work file is blocked","followUpTasks:150001","COMO-FUD-2026-09-25-01","como-follow-up-desk"
"workEntries","1530001","create_entry","como_next_work_entries","","Create under the staged parent work file with provenance","","COMO-FUD-2026-09-25-01","como-follow-up-desk"
"workEntries","1530002","create_entry","como_next_work_entries","","Create under the staged parent work file with provenance","","COMO-FUD-2026-09-25-01","como-follow-up-desk"
"workEntries","1560001","blocked","como_next_work_entries","","Parent work file is blocked","followUpTasks:4","COMO-FUD-2026-09-25-01","como-follow-up-desk"
"workEntries","1560002","blocked","como_next_work_entries","","Parent work file is blocked","followUpTasks:4","COMO-FUD-2026-09-25-01","como-follow-up-desk"
"workEntries","1590001","blocked","como_next_work_entries","","Parent work file is blocked","followUpTasks:3","COMO-FUD-2026-09-25-01","como-follow-up-desk"
"workEntries","1590002","blocked","como_next_work_entries","","Parent work file is blocked","followUpTasks:3","COMO-FUD-2026-09-25-01","como-follow-up-desk"
"workEntries","1620001","blocked","como_next_work_entries","","Parent work file is blocked","followUpTasks:90001","COMO-FUD-2026-09-25-01","como-follow-up-desk"
"workEntries","1650001","blocked","como_next_work_entries","","Parent work file is blocked","followUpTasks:4","COMO-FUD-2026-09-25-01","como-follow-up-desk"
"workEntries","1650002","blocked","como_next_work_entries","","Parent work file is blocked","followUpTasks:4","COMO-FUD-2026-09-25-01","como-follow-up-desk"
"workEntries","1650003","blocked","como_next_work_entries","","Parent work file is blocked","followUpTasks:4","COMO-FUD-2026-09-25-01","como-follow-up-desk"
"workEntries","1650004","create_entry","como_next_work_entries","","Create under the staged parent work file with provenance","","COMO-FUD-2026-09-25-01","como-follow-up-desk"
"workEntries","1650005","create_entry","como_next_work_entries","","Create under the staged parent work file with provenance","","COMO-FUD-2026-09-25-01","como-follow-up-desk"
"workEntries","1650006","create_entry","como_next_work_entries","","Create under the staged parent work file with provenance","","COMO-FUD-2026-09-25-01","como-follow-up-desk"
"workEntries","1650007","create_entry","como_next_work_entries","","Create under the staged parent work file with provenance","","COMO-FUD-2026-09-25-01","como-follow-up-desk"
"workEntries","1650008","create_entry","como_next_work_entries","","Create under the staged parent work file with provenance","","COMO-FUD-2026-09-25-01","como-follow-up-desk"
"workEntries","1680001","blocked","como_next_work_entries","","Parent work file is blocked","followUpTasks:4","COMO-FUD-2026-09-25-01","como-follow-up-desk"
"workEntries","1770001","blocked","como_next_work_entries","","Parent work file is blocked","followUpTasks:150001","COMO-FUD-2026-09-25-01","como-follow-up-desk"
"workEntries","1800001","blocked","como_next_work_entries","","Parent work file is blocked","followUpTasks:4","COMO-FUD-2026-09-25-01","como-follow-up-desk"
"workEntries","1800002","blocked","como_next_work_entries","","Parent work file is blocked","followUpTasks:90001","COMO-FUD-2026-09-25-01","como-follow-up-desk"
"workEntries","1800003","blocked","como_next_work_entries","","Parent work file is blocked","followUpTasks:150001","COMO-FUD-2026-09-25-01","como-follow-up-desk"
"workEntries","1800004","blocked","como_next_work_entries","","Parent work file is blocked","followUpTasks:150001","COMO-FUD-2026-09-25-01","como-follow-up-desk"
"workEntries","1830001","blocked","como_next_work_entries","","Parent work file is blocked","followUpTasks:90001","COMO-FUD-2026-09-25-01","como-follow-up-desk"
"workEntries","1830002","blocked","como_next_work_entries","","Parent work file is blocked","followUpTasks:4","COMO-FUD-2026-09-25-01","como-follow-up-desk"
"workEntries","1830003","blocked","como_next_work_entries","","Parent work file is blocked","followUpTasks:4","COMO-FUD-2026-09-25-01","como-follow-up-desk"
"workEntries","1860001","blocked","como_next_work_entries","","Parent work file is blocked","followUpTasks:150001","COMO-FUD-2026-09-25-01","como-follow-up-desk"
"workEntries","1890001","blocked","como_next_work_entries","","Parent work file is blocked","followUpTasks:5","COMO-FUD-2026-09-25-01","como-follow-up-desk"
"workEntries","1890002","blocked","como_next_work_entries","","Parent work file is blocked","followUpTasks:5","COMO-FUD-2026-09-25-01","como-follow-up-desk"
"workEntries","1890003","blocked","como_next_work_entries","","Parent work file is blocked","followUpTasks:5","COMO-FUD-2026-09-25-01","como-follow-up-desk"
"workEntries","1920001","create_entry","como_next_work_entries","","Create under the staged parent work file with provenance","","COMO-FUD-2026-09-25-01","como-follow-up-desk"
"workEntries","1920002","create_entry","como_next_work_entries","","Create under the staged parent work file with provenance","","COMO-FUD-2026-09-25-01","como-follow-up-desk"
"workEntries","1920003","create_entry","como_next_work_entries","","Create under the staged parent work file with provenance","","COMO-FUD-2026-09-25-01","como-follow-up-desk"
"workEntries","1920004","blocked","como_next_work_entries","","Parent work file is blocked","followUpTasks:60001","COMO-FUD-2026-09-25-01","como-follow-up-desk"
"workEntries","1920005","blocked","como_next_work_entries","","Parent work file is blocked","followUpTasks:60001","COMO-FUD-2026-09-25-01","como-follow-up-desk"
"workEntries","1950001","create_entry","como_next_work_entries","","Create under the staged parent work file with provenance","","COMO-FUD-2026-09-25-01","como-follow-up-desk"
"workEntries","1980001","create_entry","como_next_work_entries","","Create under the staged parent work file with provenance","","COMO-FUD-2026-09-25-01","como-follow-up-desk"
"workEntries","2010001","blocked","como_next_work_entries","","Parent work file is blocked","followUpTasks:4","COMO-FUD-2026-09-25-01","como-follow-up-desk"
"workEntries","2010002","blocked","como_next_work_entries","","Parent work file is blocked","followUpTasks:4","COMO-FUD-2026-09-25-01","como-follow-up-desk"
"workEntries","2040001","blocked","como_next_work_entries","","Parent work file is blocked","followUpTasks:3","COMO-FUD-2026-09-25-01","como-follow-up-desk"
"workEntries","2040002","create_entry","como_next_work_entries","","Create under the staged parent work file with provenance","","COMO-FUD-2026-09-25-01","como-follow-up-desk"
"workEntries","2040003","create_entry","como_next_work_entries","","Create under the staged parent work file with provenance","","COMO-FUD-2026-09-25-01","como-follow-up-desk"
"workEntries","2070001","blocked","como_next_work_entries","","Parent work file is blocked","followUpTasks:4","COMO-FUD-2026-09-25-01","como-follow-up-desk"
"workEntries","2070002","blocked","como_next_work_entries","","Parent work file is blocked","followUpTasks:4","COMO-FUD-2026-09-25-01","como-follow-up-desk"
"workEntries","2070003","create_entry","como_next_work_entries","","Create under the staged parent work file with provenance","","COMO-FUD-2026-09-25-01","como-follow-up-desk"
"workEntries","2100001","blocked","como_next_work_entries","","Parent work file is blocked","followUpTasks:90001","COMO-FUD-2026-09-25-01","como-follow-up-desk"
"workEntries","2100002","blocked","como_next_work_entries","","Parent work file is blocked","followUpTasks:90001","COMO-FUD-2026-09-25-01","como-follow-up-desk"
"workEntries","2130001","blocked","como_next_work_entries","","Parent work file is blocked","followUpTasks:90001","COMO-FUD-2026-09-25-01","como-follow-up-desk"
"workEntries","2130002","blocked","como_next_work_entries","","Parent work file is blocked","followUpTasks:90001","COMO-FUD-2026-09-25-01","como-follow-up-desk"
